idx,conversation,Predicted Label,True Label
1,이 대리 어제 피곤했나 봐? 아 아닙니다 아니긴 낯빛이 어두운데? 흠 그런가요.? 아 이 대리 혹시 오늘 화장 안 해서 그런가? 아. 넵. 이 대리도 생얼이랑 많이 다르네 부장님. 말이 너무 심하신 거 아닌가요.? 말이 심하긴 눈에 보이는 걸 얘기한 건데? 난 이 대리가 걱정돼서 그러지 아. 넵 알겠습니다.,2,3
2,야 너 저요.? 그래 일로와 바 네. 왜 선배 보고 인사 안 하지? 죄송합니다. 내가 약해 보이는구나 한번 혼 좀 나볼까? 니요. 죄송합니다 죄송하면 다야? 재수가 없으려니까 내가 171로 애새끼들 녹다운 시킨 사람이야 너도 두개골 깨지고 싶냐? 죄송합니다 선배님,2,0
3,정의의 사도 내부 고발자가 된 기분이 어때?. 과장님께는 죄송하지만 제 입장에선 어쩔 수 없는 일이었습니다 하이고 잘났네 잘났다 뉘 집 아들인지 잘났어? 죄송합니다. 과장님께 개인적인 원한은 없습니다 그래그래 이렇게 잘난 아들 두신 부모님 가평에서 국밥집 하시던데? 네. 그건 어떻게 아 뭐 일도 아니지 그런 거 알아내는 건 나도 조만간 국밥집 가서 국밥 좀 팔아드리고 부모님 면담 좀 해볼까 봐 아들 잘 키우셨다고 과장님 왜?? 이제 곧 잘리면 과장이 될지 범죄가 될지 모르는데 내가 지금 무서운 게 있는 것 같아?? 과장님. 왜 그러십니까. 우리 부모님은 이일과 아무런 상관이 없습니다,2,0
4,야 내가 오늘까지 돈 갖고 오랬지? 미안해. 엄마가 카드를 정지시켜서 어쩔 수가 없었어 장난하냐? 진짜야 믿어줘 그건 내 알 바 아니고. 돈이나 갖고 오라고 조금만 시간을 줘 일주일 내로 어떻게든 구해볼게 야 너 내가 만만하냐? 미. 미안해 내일. 내일까지 꼭 가져올게 아 진짜. 이 새끼 확 죽여버릴까? 미안해 야 너 하나 불구 만들거나 죽이는 건 일도 아니야. 잘 좀 하자.? 어? 응 미안해,0,1
5,저 제 스타일이신데 번호 점 싫어요 아 존나 튕기네 싫다는데 왜 물어봐요 존나 비싸게 구네 비싸게 굴지 말고 전번 좀 주라 저 남자친구 있어서 한번 줄 수 없어요 그럼 친구라도 지내게 전화번호 좀 주세요 싫어요 왜 자꾸 전화번호 달라고 하세요 한번 줄 때까지 휴대폰 안 줄 거예요 한번 줄 테니까 휴대폰 주세요,1,3
6,빨리 은행 비밀번호를 알려라. 안됩니다. 은행 비밀번호는 알려줄 수 없습니다 머라고? 내가 장난하는 거 같나? 알려주지 않으면 이 칼로 너를 죽여버리겠다 제발 살려주십시오. 은행에 저의 어머니 수술비가 들어있습니다. 안됩니다 내가 그런 사정 봐줄 거 같나? 어서 빨리 말해라 다시 한번만 생각해 주십시오. 이게 없으면 저희 어머니는 수술받지 못해 죽습니다. 그렇다면 네가 대신 죽으면 되겠군. 빨리 말해라 아니면 죽여버리겠다 살려주십시오. 제발 살려주세요 빨리 말해라 두 번 말하게 하지 마라 여기 있습니다. 저희 어머니 수술비입니다. 제발 돌려주십시오,0,1
7,이민수 씨 맞으시죠? 네 누구시죠 당신 몸 캠리 찍힌 동영상 너희 부모님 친구들한테 보내려 하는데 어때? 뭐? 너 뭐 하는 놈이야 당장 이 계좌로 천만 원 보내 아니 그렇게 큰돈을 어떻게. 허. 내 말이 장난 같나 보구나 너네 엄마한테 먼저 보내주지 제발요 아니 보낼게요 보내면 되잖아 당장 보내 3분 줄게 그 안에 안 보내면 알아서 생각해 알았어요 제발 기다려주세요 흐흐 3분이라 했어 빨리 보내는 게 좋을 거야,1,0
8,우리 귀여운 철수야 여기 돈 줄 테니까 핫도그랑 콜라 좀 사다 줄래? 남은 돈은 너 가져 심부름값이야 핫도그랑 콜라 사려면 돈이 부족한데.?? 무슨 소리야? 나머지 돈은 네가 채우는 거고. 나. 돈 없어. 이 길동이가 말대꾸가 늘었네? 사 오라면 사 와. 돈 없다고. 에라 내랄 돈 업다고 그건 네 사정이고요 종 친다. 빨리 갔다 와 알겠어. 그럼 이렇게 말 잘 들어야지. 아까는 다른 사람인 줄 알았다?.,1,3
9,어이 김 씨 오늘 입금 날인데? 돈이 안 들어왔네? 며칠만 더 시간 좀 주세요. 그 말만 몇 번째야 김 씨 얼굴 봐서 좋게 해주려고 했는데 이거 안되겠네 제발 부탁드립니다. 최대한 빨리 구해오겠습니다 오늘 오후까지 돈 안 들어 오면 가만 안 둘 줄 알아 오늘까지요.? 시간을 조금만 더. 지금 내가 장난하는 걸로 보여? 아. 아닙니다 오늘 오후까지야 우리 얼굴 좀 그만 봤으면 좋겠다,0,1
10,당신 아들 목소리 맞지? 네. 제 아들 맞아요. 제발 제발 건들지 말아 주세요. 지금 말하는 것만 지키면 된다. 뭐든 하겠습니다. 2시간 줄 테니깐 신촌역 3번 출구 앞 농협 기 소화전 옆에 300만 원 놓고 가. 네? 두 시간이요? 두 번 말 안 한다. 이 시간이 지나면 너 아들 얼굴 못 볼 줄 알아. 제발 제발 제 아들만은 건들지 말아 주세요. 그럼 약속 장소에 당장 돈 들고 오면 되겠네. 네.,1,0
11,야 찐따 매점 가서 빵 사와 알았어. 어떤 거 사다 줄까? 알아서 내가 좋아하는 걸로 사와 이 찐따야 그럼 돈은.? 돈은 네 돈으로 사야지 빌린 걸로 치자. 나도 돈 없는데. 네가 알아서 마련해서 사 와야지 어쩌라고? 나 정말 돈 없어. 알아서 해. 대신에 다음 시간까지 빵 안 사 오면 뒤진다. 알겠어.,1,3
12,야 너 가냐?? 일병 안반 위. 넵 갑니다 그럼 나 가는 길에 몬스터 하나만 사다 주라 몬스터 말씀이십니까? 으며. 몇 개 필요하십니까.? 5개만 사와 저 그럼 도. 돈은. 나 지갑 없는데?? 아. 네. 알겠습니다,1,2
13,오랜만이네요. 당신이의 수술을 집도하셨던데 수술은 잘 됐습니다. 일시적인 쇼크니 곧 깨어날 겁니다 이 사람 깨어나면 병원에서의 모든 행적 나한테 다 보고해요 네? 그게 무슨 말씀이신지. 제가 왜 그래야 하는 거죠.? 그냥 당신은 내가 시키는 일만 잘 하면 됩니다. 이 돈이면 당신이 불평 없이 할 거라고 생각해요 난. 허브 이렇게 큰돈을. 그럼요 맡겨만 주십시오 대신 이 사실을 그 자가 알게 되는 날엔 당신은 물론 당신 가족까지 어디 하나 불구가 될 각오는 해야 할 겁니다. 명심하겠습니다. 그럼 거래는 성사된 걸로 알고 이만 가보죠 난.,1,0
14,당신이 웬일로 저녁을 차렸어? 참나 오래 살고 볼 일이네. 어쩌면 이게 마지막 함께 하는 저녁일 수도 있으니까요. 잘 생각했어. 드디어 이혼해 주려는 거야? 무슨 바람인 지 모르겠지만 고마워. 그래요. 당신이 그 여자를 더 사랑하고 소중하다고 하니 나도 비참해서 더는 못 살겠네요. 마음 바뀌기 전에 사인부터 하지. 그래요. 뭐 마지막 소원이 될 수도 있는데 마지막 소원? 아 하긴 내가 당신한테 이보다 더 바라는 게 없었지. 고맙네. 고마워 그거 알아요 당신? 이거 맛있네. 뭘 아냐는 거야? 복어는 독이 있는 생선이잖아요. 내가 오늘 복어를 어떻게 손질했는지 궁금하지 않아요? 당신. 설마. 지금?,1,0
15,여기에 지장 찍으라고. 이번 달까지는 돈 정말 갚을게요. 내가 오늘 기분이 좀 안 좋아서. 맞고 찍을래? 그냥 찍을래? 정말 못 찍어요. 이번 달까지는 돈 갚을게요. 아 그러셔? 그럼 맞고 지장 찍자. 재산 몰수는 정말 안돼요. 아니 맞는 걸로 끝내려 했는데 그냥 오늘 죽을래? 알겠어요 찍을게요. 이게 정신을 차리네. 재산은 정말 안되는데.,0,1
16,선생님 이번에 수학여행 좀 저 대신 다녀와주세요 수학여행이요? 선생님 반이요? 네 갑자기 왜요? 아 제가 몸이 좀 안 좋을 것 같아서 부탁 좀 드릴게요 그래도 별다른 이유도 없는데 제가 가는 것도 안 좋아 보일 것 같아요 선생님 곧 계약 끝나시지 않으세요? 여기 이사장 우리 외삼촌인 거 아시죠? 아. 네 이번 수학여행만 잘 다녀오시면 제가 말씀 좀 드려볼게요 외삼촌이 저 이뻐하시거든요 애들 데리고 수학여행 갈 생각하니까 벌써부터 두통이 와서 잠이 안 와 피부가 푸석푸석해지더라고요 네.,3,2
17,당장 무릎 꿇어. 네? 무릎 꿇으라고. 그리고 넌 이 가방에 돈 담아. 알겠습니다. 조금이라도 까딱하면 총으로 쏴버릴 거야. 경찰입니다. 경보 듣고 왔습니다. 거기서 더 들어오지 마. 들어오면 인질 죽어. 뭘 바라십니까? 탈출할 수 있는 헬기와 100억 원. 알겠습니다. 인질을 풀어주세요.,1,0
18,김 씨 저번에 빌려 간 돈 이자가 오백만 원이야 아니 원금이 50만 원인데 어떻게 이자가 500일 수 있습니까? 계약서에 적혀있잖아 당장 돈 갚아 그럴 수 없습니다 이건 법적으로 따져도 이자가 너무 높습니다 김 씨 죽고 싶어? 김 씨 신장 하나 잃고 싶어? 아니 무슨 말을 그렇게 합니까? 돈 없으면 몸으로 갚아야 할 것 아냐 경찰에 신고하겠습니다 신고? 당신 몸으로 갚아 그럼 야 김 씨가 신장 하나 떼 가란다 이거 놔,0,1
19,조용히 해. 소리 지르면 죽는다. 누. 누구. 세요? 왜 이러세요. 닥치고 당장 뒤로 돌아서 엎드려. 가만히 묶여있으면 되는 거야. 자 이제 네 집에 값진 물건들을 다 가져갈 거야. 불만 없지? 왜 이러시는 겁니까. 좋아. 생각보다 쓸만한 것들이 많군. 숨겨놓은 거 있으면 당장 말해. 숨겨놓은 거 없습니다. 저희 집에 이제 아무것도 없어요. 여기 있는 금고는 뭐야? 이 새끼 거짓말 치네 당장 비밀번호 불어 그것만은 안됩니다 뭐? 너 죽고 싶어,0,1
20,영태야 돈 좀 줘 내가 돈이 어딨냐 없어? 다 뒤진다 진짜 없어 아씨 빨리 내놓으라고 지금 저거 먹어야 된다고 없다니까 한대 처맞기 전에 내놔 하. 여기. 역시 우리 영태 최고 그래.,1,2
21,야 돈 있냐?? 없는데 나 오늘 너 매점에서 봤는데 매점에서 다 썼어 잔돈 있을 거 아냐 뒤져서 너 나오면 어쩔래 진짜 없다니까. 주머니에 이건 종이 쪼가리냐? 구라 치네 이 새끼 어 몰랐어. 입만 열면 구라지 이 새끼는,1,0
22,어이 이병 박가람 가서 단가 몇 개 갖고 와라 잘못 들었습니다? 아 씨바 단가 몇 개 가지고 오라고 단가가 뭔지 잘 모르겠습니다 모르면 군 생활 끝나나? 아닙니다 너 앞으로 찐따다 알았냐? 찐따로 관등성명 대라 네 알겠습니다,2,3
23,내가 너 딸 납치했다. 어디예요. 저희 딸 살려주세요 저희 딸 죽이지 말아 주세요. 그럼 지하철 2호선에 500만 원 놓고 가. 그럼 저희 딸 살려주시는 건가요? 언제까지 드리면 될까요? 지금 당장 허튼 생각하면 네 딸 죽는 거야 경찰한테 연락 안 할게요. 저희 딸만 제발 안전하게 살려주세요 너네 하는 거 봐서,1,0
24,이게 사람이라는 동물이 참 웃겨요 선생님 그게 무슨 말이신지. 상대방한테 잘 해주면 그 친절을 받은 사람은 자기가 특별한 줄 알아요 정말 그럴까요? 친해. 지고 싶으니깐 그런 거 아닐까요? 하하. 아니죠 아니죠 그냥 내가 살면서 이 사람한테 잘 해주면 이용해먹거나 호구처럼 사용할 수 있으니깐 그런 거죠 그. 그런가요. 대화의. 요점이. 그러니깐 제가 선생님한테 잘해드릴 때 그냥 제 비위 맞추면서 인생 살라는 거예요 수 틀리면 당신 면상이고 네 새끼들도 얼굴들 생각 못 할 테니깐 한 번만 용서해 주시면. 제 분수대로 살겠습니다. 동물원에 있는 동물들이 먹이를 받아먹으면 이 사람이 자기를 키워주는 줄 알아 그게 아니라 그냥 꼭두각시 짓 할 만큼 명줄 이어가는 건데 나가봐요 다음은 선생님이 아니라 네 자식새끼니깐 알겠습니다.,3,0
25,배고픈데 빵 좀 사와라 네가 좀 가 네가 가고 싶지 않으면 조용히 해 애들 그만 좀 시켜 네가 해라 그럼 싫어 싫어? 싫다 하면 끝이야? 애들 그만 시키라고 그러니까 네가 해 아니면 넌 내 손에 맞아 죽어 하,0,3
26,야 일 제대로 안 해? 아니 물량 수준이 희망 사항 수준인데 그래서 뭐 인마 그 많은 작업량을 똑같은 시간에 어떻게 제대로 합니까? 자네 여기서 불만이 많으면 딴 공장 알아보게나 네 알겠습니다. 그러나 그동안 일한 만큼은 받아 내야겠습니다. 시끄러워 도중에 나간 새끼가 뭘 잘했다고 돈을 받나 아니 지금 말 다 했나요? 남자가 일을 시작했으면 책임지고 끝내야지 이 남자도 아닌 것 아 그래서 돈을 안 주시겠다는 건가요? 난 책임감 없는 존재는 사람으로 안 본다네,3,2
27,안녕하세요 이번에 부서 이동하신 분 맞죠? 아 네. 안녕하세요. 네네. 근데 사업 관리팀 좋지 않나? 어쩌다 인사팀으로 오신 거예요? 아 제가 원래 인사관리 쪽으로 관심이 있었는데 티오가 없어서 기다리다가 티오 생겼다고 해서 바로 오게 되었습니다. 거기서 꽤 높은 직급까지 다셨다고 들었는데 여기선 처음부터 하셔도 괜찮으신 거예요? 호호 그럼요. 전 좋아서 온 건데요. 그렇구나 난 또 거기서 다른 직원분들한테 은근 따돌림당하셔서 옮기신 줄 알았네요. 그런 일 없었습니다. 근데 왜 매번 항상 혼자만 다니시고 딱히 다른 분들이랑 살갑게 지내시는 걸 도통 못 봐서 제가 뭐 오해했나 봐요. 오해가 있으셨나 봐요. 전 그냥 혼자 다니는 게 편해서요. 같이 다녀 주는 직원들이 없는 것 같은데. 성격이 생각보다 별로 신가 봐요. 되게 까칠하실 것 같네. 여기서도 곧 다른 데로 가실까 봐요,4,2
28,오 오늘 스타일 좋은데 미스 양 오늘 데이트 있나 봐? 네? 아니. 왜? 어디 방이라도 잡은 거야? 그런 말씀은. 왜? 성희롱? 뭐? 성희롱으로 신고하려고? 성적인 내용은 불쾌합니다. 아니 나는 좋은데 있어서 가르쳐 주려고 그랬지. 저기 양평에 가면 괜찮은데 있거든. 그거 하기 좋은데. 말씀이 너무 지나치시네요. 선배가 후배한테 신경 써주는데 하여간 요즘 뭐만 하면 다 성희롱이네 폭력이네 무슨 말을 못 해. 하여튼 그런 사적인 말씀은 안 하셨으면 좋겠습니다.,3,2
29,이 정도는 서비스로 주셔야 하는 거 아니에요? 아 그건 서비스는 아닌데요 되게 불친절하시네요 네? 이거 인터넷에 올릴 거예요 네? 동네 장사인데 이렇게 하시면 안되죠 아니 저희도 먹고살아야죠 네 그럼 악플이 늘어나겠네요. 하이고,3,1
30,어 양 선생. 네 교장 선생님. 양 선생 계약기간이 5월까지 아닌가? 네 맞습니다. 아이고. 마음이 약해지는구먼. 양 선생이 열정을 보여주면 내가 한번 고려를 해볼 수 있는데 어때? 열정이요?. 그게 무슨. 알만한 사람이 왜 그래? 교장선생님. 왜 그러세요 아이고 싫으면 말아요. 정교사 하고 싶은 사람은 많으니까. 생각할 시간을 좀 주세요.,3,2
31,야 너 고객한테 누가 그렇게 대들래 카페 이미지 나빠지면 책임질 거야? 아니 저분이 저한테 음담패설을 하는데 어떻게 가만히 있어요 너 나한테까지 대들어? 사장님이 그렇게 당하시면 가만히 있을까요? 난 그런 일 안 당해 봤지만 그냥 무시할 것 같은데 뭐라고요 자기 가게인데다 일도 아르바이트한테 다 시키면서 운영하면서 이 새끼가 너 여기 나가고 싶어? 제가 틀린 말 했나요? 그리고 어떻게 위로 한마디도 안 해줄 수 있나요? 너 바보냐 여기가 교육받는 곳이야? 너 그냥 나가 정말 너무하시네요 너 같은 직원 필요 없어,3,2
32,이봐요 아가씨 이렇게 해도 되는 거야? 손님 죄송합니다 내가 여기 단골이야 사장님 어디 있어? 손님 이건 본사 지침이라 어쩔 수가 없어요 됐고 당장 불러와 사장 연락해 드리겠습니다 여기 단골인데 이거 하나 못해줘? 진짜 어이가 없어서. 죄송합니다 내가 말만 하면 이 가게 다신 못 열어. 죄송합니다,3,0
33,철수 씨는 그 학교 나와서 그 연봉 받고 살만해요? 그게 무슨 말씀이시죠? 아니 그렇잖아요. 학교도 좋지 않고 연봉 수준도 낮은데 살기 힘들지 않나 해서. 그건 제가 알아서 할 일이죠. 저는 그냥 걱정돼서. 앞으로 상황이 나아질 것 같지도 않은데. 할 말이 없네요. 그렇죠 미래가 없으니 할 말도 없으시겠죠. 저는 그래도 열심히 살고 있어요. 열심히 살면 뭐해요. 나아지는 게 없을 텐데. 다시 태어나도 불가능할 것 같고. 그만 얘기하고 싶네요.,4,3
34,야 내 것도 하나 사줘 봐 미안 돈이 없어 그럴 줄 알았다 거지새끼 갑자기 왜 그래 뭐가? 거지새끼한테 거지라고 하는데 왜 시비인데 됐다. 거지새끼랑 싸워봤자 합의금도 못 낸다. 내가 뭐 잘못했나? 닥쳐 꼴 보기 싫으니까 그냥 꺼져 거지새끼야 어떡하라고 나보고,1,3
35,선배가 말하는데 대답을 해야지 네 선배님 말하기 전에 대답할 순 없나? 네 선배님 이봐 이봐 창의성이 없어 대답하란다고 대답만 해? 네 선배님 김 팀장이 너네들 데리고 일하느라 속이 터지겠군 앗. 이봐 이봐 선배가 이야기하는데 눈만 껌뻑껌뻑하고 내 속이 다 터지겠네 앞으로 주의하도록 하겠습니다,2,3
36,언니 이것 좀 구경하고 가 아저 바쁜데요 아니 구경하는 데 얼마나 걸린다고 그래 우리 오늘 세일해 한번 봐봐. 아 진짜 바빠서 잠깐 보고만 갈게요 그래그래 잘 생각했어 어머 언니 옷이다 너무 이뻐 잘 어울려 이쁘긴 한데 제가 지금 급하게 어디 가는 데가 있어서 그럼 계산만 하고 가면 되잖아 그럼 보내줄게 네? 그냥 구경만 하고 가라고 언니 그 말 진짜 믿어?? 얼른 하나 사고가 안 그럼 안 보내준다,1,3
37,야 너 왜 돈 안 가지고 오냐? 미안해. 내가 지금 장난치는 걸로 보이냐? 어? 왜 시키는 대로 안 해? 너 내가 오늘까지라고 했냐 안 했냐 안 갖고 오면 너 손모가지 잘라버린다 했냐 안 했냐 미안. 이 새끼가 미안 밖에 할 줄 모르나 아가리 다 찢어버려줄까? 어? 네 새끼 미안 소리 듣자고 내가 시간 내서 네 그 역겨운 면상 보고 있는 줄 아냐고 나 네 동생 년 어디서 아르바이트하는지 다 알거든? 네 집 비번도 내가 알고 있잖아 너네 집 개 그거 맘만 먹으면 언제든지 19층 밖으로 집어던져 줄 수도 있어 하지 마 우리 가족 건들지 마 내가 잘못했어 그러니까 왜 내 입 아프게 자꾸 말하게 하고 내 귀한 시간 자꾸 니깟게 갉아먹냐고 버러지 같은 게 너 같은 건 죽어도 싸 알아? 잘못했어 이게 확 씨 미안이랑 잘못했다는 말밖에 할 줄 모르냐? 돈 갖고 와 이 새끼야 너 우울증 있다며? 개나 소나 우울증 타령이야 여차하면 내가 너 옥상에서 밀어 가지고 떨어뜨리면 그만이야 그럼 사람들이 네가 뛰어내린 줄 알겠지 당연히 내가 너 한 번만 더 기회 준다 진짜 인생이 불쌍해서 아 오늘 너 가기 전에 유서 한 장 쓰고 가라 담번에도 돈 안 갖고 오면 이거 내가 옥상에 네 신발 옆에 고이 놔둬줄 테니까 아니야 내가 꼭 돈 갖고 올게. 멍청한 것들이 꼭 이렇게 구체적으로 가르쳐 줘야 말귀를 알아들어 너도 참 인생 뭐 같아도 죽기는 싫은가 보지?,0,1
38,야 너 미쳤냐 나 이제 오빠의 그 독단적인 성격 못 참아 못 참으면 어쩔 건데 헤어져 그럼 그동안 내가 사준 선물값 음식값 여행 값 다 내놔 오빠 진짜 미쳤어? 아니 미친 건 너지 넌 그동안 내가 너 같은 것과 어울려 준 감사함을 몰라 왜 그렇게까지 해야 해? 넌 진짜 도둑놈 이구나 그건 법적으로 아무 이상 없다고 범죄가 아니야 어디 재판 까지 가? 너 맞아 죽을래? 아님 그냥 돈을 내놓을래? 지금 나한테 협박하는 거야? 진지하게 생각해,0,1
39,지우야 너 카톡 계정 있지? 그것 좀 빌려주라. 네 근데 왜요? 내가 계정이 정지됐는데 비밀번호를 까먹었어 그거 비번 재설정하면 되지 않아요? 아 내가 몰라서 묻는 거 같아? 여러 번 했는데 안돼서 너한테 물어보는 거잖아. 다른 애들한테 부탁하면 안 될까요? 너 안 빌려주면 죽는다. 제발요 너 형이 잘해주니까 무시하냐? 야 이 네,1,3
40,얘들아 왜? 길동 00 진짜 재수 없지 않아? 개짜증 나 걔 존나 구림 아 걔 얼굴 존나 때리고 싶다 토쏠림 아 개 웃겨 아 뭐야 00도 있었네 몰랐다 미안 우리끼리 이야기하게 나가주라 존나 빻은 게 얼굴 보면 존나 때리고 싶어 미안해 내가 잘못했어 머래 그냥 꺼지라고 아 짜증 나 패고 싶어 내 말이 00아 그냥 죽기 싫으면 가만히 짜져 살아 씨발 아가리를 찢어버리고 싶네 그냥 염산 뿌려서 얼굴 형체도 모르게 만들고 싶다,0,3
41,조용히 이혼하고 이 집만 넘겨. 당신이 무슨 자격으로? 무슨 자격이라니? 잊었나 본데 당신 범죄자야 내가 무슨 짓을 했다고 범죄자야? 너 저번에 유미 때렸잖아? 당신이랑 바람난 여자. 그럼 내가 가만히 둬야 해? 유미가 고소 안 하겠다는 조건으로 이 집 내가 받기로 했으니까 조용히 넘기고 사라져. 어쩜. 바람은 당신이 피고 손해는 내가 봐야 해? 어?. 당신 정말 왜 이래. 나 네 돈 보고 결혼한 거야 너 같은 애랑 같이 살아야 할 이유가 돈 말고 또 있었겠어? 빨리 도장 찍고 이 집은 나한테 넘겨. 싫어. 싫다고.,0,1
42,사장님 제 저작권 돌려주세요 시끄러 네가 포기했잖아 실패작이라면서요 됐고 네가 포기한 지금 이 순간 내 저작권이야 와 이런 도둑놈을 봤나 새끼야 인생은 먹고 먹히는 세상이야 사장님 진짜 천벌받아요 이러다가 음 호랑이가 사슴을 잡아먹는다고 천벌받냐? 네? 내가 호랑이고 순진한 자네가 사슴이라고 멍청이야 야 이 새끼야 어휴 그러게 자신을 믿었어야지 남을 믿으면 어쩌냐,3,2
43,어이 거기 누구 담배 있으면 하나만 주라. 갈 때 가더라도 담배 한대 정도는 괜찮잖아? 응? 돛대 한대 드려 오늘 이사회 날이냐? 자성이한테 전해줘라 회장 자리를 다 앉고 새끼 출세했네 넵 거 죽기 딱 좋은 날씨네? 이제 그만 가시지 예 아 잠시 나 아직 담배 다 안 폈는데 뭘 다 펴 인마 그냥 죽어,2,0
44,제발 그만 때리면 안 될까 뭘 그만해 아직도 정신 못 차렸네 난. 난 못해 눈물 나는 우정이네 아오 야 00 관한 소문내라고 네가 안 그러면 00 때릴 거야 애들아 제발 그만해줘. 00는 때리면 안 돼. 그럼 시킨 거 하라고 그러니까 뭐 어려운 일이라고 싫으면 그냥 더 맞아 그냥 나를 때려.,3,0
45,야 이거 줄 테니까 점심까지 만렙 찍어놔. 수업 시간에 휴대폰 쓰면 안 되잖아. 못 하지. 아 뭐래 하라면 하는 거지. 하다가 잘못되면 어떻게 해? 너 혼자 걸리는 거지. 시켰다고 이야기하면 죽는다. 시간도 부족하잖아. 못할 것 같아. 몇 대 맞으면 할래? 맞기 싫어. 못할 것 같아. 맞고 할래? 그냥 할래? 미안해. 못하겠어.,0,3
46,야 어?? 왜 불렀어 너 내 가방 들어 가방??. 니거? 어 내가 방 싫어. 내가 왜 야 맞고 들을래 그냥 들을래? 그냥 들을게 짜증 나게 진짜 여기 오다가 떨어트리면 죽는다 잘 따라와라 알겠어,0,3
47,이거 서류 좀 공증해달라고 아 죄송합니다. 규정상 구비 서류가 없어서 해드릴 수가 없어요. 뭐라고? 너 내가 누군지 알아? 화가 나셨다면 죄송합니다. 그렇지만 해드릴 수가 없는 부분이라 제가 좀 곤란합니다. 너 말고 네 위에 누구야? 제 위에 상사님께 말씀을 드리겠지만 이것은 해드리기가 좀 어려운 부분입니다. 넌 빠지고 네 위에 불러오라고 말씀이 조금 지나치시네요 뭐라고? 손님이 왕인 거 몰라? 네 죄송합니다. 잠시만 기다려주세요.,2,3
48,아니 내기를 했으면 정정당당하게 승부를 인정해야지 내가 안 본 사이에 자네가 홀인원 친불 어떻게 안대? 누가 전화하러 자리 비우래? 그럼 통상적으로 기다려주는 게 예의 아니야? 아 치고 싶어 죽겠는데 자네가 자리를 비웠잖아 그럼 다시 치게 내가 지금 지켜볼 테니 참나 그 돈 아까워서 저 난리야? 자네 구질구질하네 구질구질이라고 했는가? 내가 진짜 열받아서 확 씨 진짜 구질구질한 게 뭔지 보여줘? 아 갑자기 왜 급발진하나 손에 든 골프채는 내려놓고 말하세 내가 이거 내려놓으면 또 돈 주라고 할 거 아닌가 억울하게 진짜 내가 내 눈에서 본 것도 아닌데 진짜 이러면 골프채 다 휘둘러버리는 수가 있어,1,0
49,나 이거 좀 부탁할게 네.? 이거 좀 부탁한다고 이거 제 일이 아닌데. 그러니깐 부탁한다고. 그래도 직장 상사끼리 돕고 살아야지 안 그래.?. 네 그래 잘 부탁해.,1,2
50,당신 손녀를 지금 데리고 있다. 네?? 제 손녀를 데리고 있다고요? 그래. 내가 당신 손녀를 데리고 있어. 무슨 소리세요 제 손녀를 데리고 있다니 당신 손녀를 구하고 싶으면 지금 당장 계좌에 1억을 입금해 1억이라니요 그런 큰돈 없어요 그럼 손녀를 살리고 싶지 않은 건가? 아니요 하지만 그렇게 큰돈을 마련할 수 없어요 제 손녀를 살려주세요 당장 입금하지 않으면 손녀는 죽일 거다 안돼요 무슨 말이에요 제 손녀를 건들지 마세요,1,0
51,아오 이 정신 나간 할머니 할머니 정신 안 차려? 내가 대변 마려우면 얘기하라 했지? 또 더럽게 내가 다 갈아야 하잖아? 미안합니다. 미안합니다. 미안해? 할머니 맞아야 정신 차릴 거 같아. 한 대만 맞자 일로와. 때리지 마. 내 딸한테 연락해 줘. 나 때리지 마. 연락? 왜 할머니 이제 정신 차렸어? 기다려봐 지금 전화 걸어줄 테니까 기저귀 사서 오라고 해. 딸. 나 너무. 무서워. 자꾸 때. 려. 나. 데. 리. 러. 와. 줘. 할머니 지금 장난해? 그걸 왜 말해. 내가 뭐라고 했어. 기저귀 가져오라 말하라고 했지? 소리 지르지 마. 무서워. 나 딸한테 갈 거야. 안되겠네 이 할머니. 할머니 그냥 말 못 하게 이 다 뽑자. 할머니 이 그냥 나이 들어서 자연스럽게 빠졌다고 하면 돼. 그니까 내가 말할 때 잘 들었어야지. 하지 마. 아파. 하지 마 제발 하지 마. 우리 딸한테 연락해 줘. 다음부터 안 그러겠습니다 제발 살려주세요.,3,0
52,김은희 씨. 오늘 일 잘하네요 다음에도 필요할 때 알바 필요하면 연락할게요 감사합니다. 오늘 일 성과가 좋아 인센티브 나오죠? 네. 어 그거 어떻게 아세요? 그냥 알아요 그 인센티브 얼마는 나를 줬으면 하는데요 네. 왜 그러세요 언니. 여기서 계속 일하고 싶으면 내 말대로 하는 게 좋아요. 일하는 거랑 그거랑 무슨 상관이에요? 나는 정규직이고 언니는 알바예요. 내 한마디면 언닌 다시는 여기서 일 못할걸요. 네. 죄송합니다. 그렇게 하겠습니다.,3,2
53,언니 죽었으면 좋겠어요 네 무슨 일이시죠 어 확인하시네요? 네 근데 무슨 일이세요 왜 악플을 보내세요 악플? 그냥 제 생각인데 뭐가 악플인가요? 사람한테 죽으라는 게 악플 아닌가요? 그냥 제 생각이에요. 어쩌겠어요 진짜 앞으로 그러지 마세요. 그리고 왜 저한테 죽으라고 하세요? 에 안 보였으면 좋겠어요. 인스타도 그만하세요 제발. 제가 왜 그래야 되죠? 마음에 안 드니까요? 언니 얼굴 보기 싫어요 제발 사라져주세요 그만해주세요.,0,3
54,아니 머리가 왜 이래? 고객님 제가 그래서 고객님은 곱슬이라 이 머리하면 더 풍성해진다고 말씀드렸어요 아니 그래도 그렇지 이게 사람이야? 푸들이지.. 분명 괜찮으시다고 하셨잖아요 아니 괜찮은 것도 정도가 있지 이거 나 이대로 못 나가 세 시간이나 걸렸어요 필요 없어 다시 피든가 아니면 고소당할 준비해 네? 제가 고소를 당해요? 어 사람 머리가지고 아주 장난질을 했다고 내가 너 고소할 거야 아. 그냥 다시 풀어드릴게요 앉으세요 네 시간 걸려요 얼마가 되든 원상 복귀해놔,0,3
55,당신 미쳤어?? 왜 남의 차를 부시고 지랄이야?? 앗 드디어 나왔다 허?. 나 참 남의 차 창문 부시면서 웃는 놈은 처음이네 야 너 뭐야?? 뭔데 지랄이냐고 내가 묻잖아 아 저 아까 차 45바 6789인데요 아까 무단 침범하시고 난폭 온 준하셔서 이제 그런 행동 못 하게 하려고 부시고 있어요 이런 미친놈은 처음 보네 야 너 뒤지고 싶냐 어디서 어린놈이 쪼개면서 지랄이야 너 내가 누군지 몰라?. 좀 맞자 아아악 그러게. 저 왜 때려요 맞으면 아프단 말이에요 맞으면 아픈데. 아픈데 왜 때리는 거야,3,0
56,아이고 최 사장님 요즘 일 좀 잘 되신다면서요? 아니요 그냥 뭐 이제 좀 직원들 월급 좀 주고 합니다. 아니 내가 거기 회사 세울 때 뭐 좀 도움 좀 주고 그런 거 같은데 감사 인사가 없는 거 같아서. 아. 제가 조만간 자리 좀 만들겠습니다. 뭐 조만간 할 거 있나 오늘 저녁 어떤가? 오늘 저녁은. 아예 그럼 제가 연락드리겠습니다. 그래 이따가 연락 달라고 여기로 모시겠습니다. 아이고 분위기 좋고만 한잔 받으십시오 제가 사장님 차에 좀 넣어 놨습니다. 제작은 성의니까 받아 주십시오.,2,1
57,어이 야. 어딨는데. 님 담배 때문에 잠깐 밖에요. 그럼 내가 얘기한 거 다했어. 아직 제가. 안되면 나 오늘 담탱이한테 불려가는데. 님 제발요. 조금만 시간을 그러고도 안 맡는다고. 바로 할게요. 얘기했다. 바로 해놔. 예. 알겠습니다.,2,3
58,아오 야 밥 먹을 때 쩝쩝 소리 좀 내지 마라 시끄러워서 먹을 수가 없네. 뭐 먹는다고 자랑하냐 김사원? 죄송합니다. 조용히 먹도록 노력하겠습니다. 야야 젓가락도 그렇게 잡냐? 부모님이 밥상 교육 안 시켜줬어? 애들 교육용 젓가락으로 연습해야 되는 거 아니야? 잠시 외국에 살다 와서 젓가락이 낯설어서 사용하기가 어려워서 그렇습니다. 연습해 오도록 하겠습니다. 요즘 시대에 그 나이 먹고 젓가락 사용 못 하는 애들도 있다니 이래서 가정교육이 중요하다니까 요즘 애들은 가정교육을 다 독학으로 하나 봐 뭐 알아서 잘 하는 게 하나도 없냐 그러게 요즘 저러니까 젊은 애들이 욕먹지 나 때는 저렇게 젓가락 사용하면 엄청 혼났는데 부모가 오냐오냐 키웠나 보네 밥 먹는데 언짢게 해드려서 죄송합니다. 그래 죄송한 건 아네 너랑 밥 먹으니까 밥맛 진짜 뚝 떨어진다 짐승이랑 먹는 느낌이야 너 어떡하냐 저런 애랑 일해야 하고 보통 일이 아니겠다 밥 먹는 것도 제대로 못하면 뭐 잘 하는 일이 있기라도 해? 있기는 무슨 손도 느리고 어리바리 하고 서류도 작성도 못 하고 그냥 알아서 관두면 좋겠어 쟤를 어디를 보고 뽑은 건지 뭐 얼굴이 준수하기라도 해야지 수산시장 온 줄 알았잖아 얼굴 보고 맞아 맞아 얼굴에서 냄새 엄청나는 거 같아 죄송합니다. 정말 죄송합니다.,3,2
59,허가는 받은 건가? 아뇨. 저희 이번 안전시설이 미흡하다고 하시네요. 뭐? 아니 당장 허가받아서 시작해도 모자랄 판에 이제 와서 다시 준비를 한다니? 안전사항에 미달되는 조건이 너무 많다고 하시는데. 됐네. 내가 아는 다른 업체에 부탁해 볼 테니 그냥 내일부터 진행하도록 하게. 네? 그러다가 인부들 조금이라도 위험하게 된다면 그 후에 문제가 너무 커질 텐데요. 그건 그때 가서 생각해도 되지 않나? 지금 시작도 안 해보고 너무 미뤄진 거 안 보여? 그렇지만 무엇보다 중요한 게 인부들 안전이라고. 인부들 안전이야 중요하지. 근데 지금 우리보다 더 중요해? 이거 때맞춰 진행 못하면 너나 나나 둘 다 모가지야 알아? 인부들한텐 말하지 말고 진행시켜. 이건 좀 아닌 것 같은데요. 네가 못하면 내가 할 테니까 넌 빠지던지. 대신 다신 이런 기회 없을 줄 알아.,0,2
60,야 너는 시키는 대로 하는 걸 못하냐 수정하겠습니다 또 말해줘야 돼? 한번 말하면 말귀를 알아 처먹어야 될 거 아냐 죄송합니다 한 번만 더 말씀해 주시면 감사하겠습니다 등신 새끼 네가 대체 제대로 하는 게 뭐냐 이번엔 똑바로 해오겠습니다 멍청해가지고 생긴 대로 논다 그러니까 애인이 없지 죄송합니다. 이만큼 일을 했으면 욕 안 먹게 행동하란 말이야 다시 해와 다시 제대로 해오겠습니다,0,2
61,이야 내 동생 여자친구한테 편지 쓰네? 아 형 돌려줘. 어디 보자. 사랑하는 여자친구에게. 아 읽지 말라고 아니 이게 어디서 형한테 가만있어 봐. 내 편지야 요즘 항상 네 생각만 난다. 너네가 무슨 견우직녀냐? 웃기네. 그만하고 내놔 에헤이 나도 제수씨에 대해 알아야지 이거 사생활 침해야 내놔,1,3
62,세상 살기 참 쉬워 왜 그러는 거야? 너 같은 애는 얼굴도 이쁘고 부문도 잘 만나고 내가 좋아하는 오빠도 너 좋아하더라 아 그 성현이 오빠랑은 그냥 미술학원만 같이 다녀 아 그래? 나는 미술학원 다닐 돈도 없는데 나한테 왜 그렇게 말하는 거야 아니 너라도 없으면 그 오빠가 나를 좀 봐주지 않을까? 무슨 소리야. 정말 여기는 4층인데 떨어져 봤자 심하게 다치겠어? 무섭게 왜 그래.,3,0
63,너 나랑 헤어지면 이거 네 주변 사람들한테 다 돌린다 이게 뭐야? 이게 뭐긴 우리 사랑의 증거자 이런 걸 언제 찍은 거야? 그게 중요해? 동의 없이 찍으면 범죄야 왜 그래 우리 좋았던 시간을 남긴 건데 이러지 말자 우리 깨끗하게 정리하자 나는 깨끗하게 정리가 안되는데 헤어지는 순간 나 이거 너네 부모님 동생 직장 사람들한테 다 뿌릴 거야 좋은 구경시켜주겠네? 제발 그러지 마.,1,3
64,야 이 새끼들아 빨리 일 안 하고 뭐해 또 왔다 저 악마 놈들 임금을 확 안 줘버릴 거다 너네 그딴 식으로 하면 돈 만 원도 없는 줄 알아 빨리빨리 제대로 하지 못할까 저놈들은 대가를 받을 필요가 없어. 점심값도 아까운 애들이야 형님 점심값이 뭐예요 여기에서 일하게 해주는 자체도 영광인지 알아야 됩니다. 야 저기 일해야 될 거 산더미만큼 쌓여있거든? 오늘 저거 다 못하면 오늘 너희 일당 없으니까 빨리빨리 해라 네.,3,1
65,여보 생활비 좀 주세요 아니 이놈의 마누라는 허구한 날 입만 열면 돈타령이야 애들 학원비며. 괜히 애들 핑계 대지 마 제가 입고 쓰는 건 없어요. 거짓말 마 아주 뱃살이 출렁출렁 여보. 그러지 말고 생활비 좀 주세요 못 줘 뱃살 쳐지는 거 더 이상 보기 싫어서라도 못 줘 정말 제가 먹고 쓰는 건 없어요. 믿어주세요. 저리 가 이 여편네야 정떨어져,1,3
66,미안한데 내가 너 물건을 왜 어떻게 하다 부셨는데 가지고 놀다가 부셨어 내일까지 사와 나 돈이 없는데 미안 내일까지 안 사 오면 내가 네 가장 아끼는 물건 부술 게 안돼 이건 내가 가장 아끼는 거야 안 그러면 사 오시든지 어쨌든 내일까지 똑같은 거로 사와 안 그러면 부실게,1,3
67,나랑 재밌는 놀이를 하는 거야. 진우야. 왜. 왜 이래. 네가 오늘 내 시험지만 대신 풀어줬어도 엄마한테 안 혼났을 텐데. 하하 그. 그렇지만 나도 해줄 수 없는. 상황이었어. 선생님이 너무 지켜보고 계셔서. 그래. 나도 알아. 그래서 놀이를 하자는 거야. 여기 물 두 잔이 있지? 둘 중에 하나는 마시면 쥐도 새도 모르게 영원히 잠드는 약이야. 어.? 그게 무슨. 너 때문에 혼났으니까 네가 기분을 풀어줘야 할 거 아니야 재밌게 말이야. 농담이지. 응.? 내가. 저걸 마시면. 죽는다는 거잖아. 농담? 내가 이 약을 구하는데 얼마나 힘들었다고 다행이지. 과학 수업에 필요하다니까 금방 구해지더라고. 빨리 마셔. 그냥 뒤지기 싫으면. 싫어. 내. 내가 왜. 이걸 마셔야 해. 하나는 그냥 물일뿐이야 반반이잖아? 넌 공부도 잘하고 똑똑하니까 물 정도는 구별할 수 있지? 얼른 마시라고,1,0
68,너 꼬리빗 있어? 아니 없어. 없긴 뭐가 없어 야 너 아까 꼬리빗 누구한테 빌렸어? 어? 한테. 왜 거짓말해? 미안. 같아서 안 빌려. 꺼져. 못생긴 게 어디서 본건 있어가지고 파우치까지 가지고 다니네 같은 게 내 말이 내가 저 면상이었으면 자살한다.,1,3
69,너 이번에 면접 붙었니? 아. 그게. 또 떨어졌어? 누굴 닮아서 이러는 거야 아. 옆집 자식은 대기업 다닌다더라 죄송해요. 너 같은 자식 키우면서 바람 잘 날이 없어 죄송합니다. 그 나이 먹고 백수 짓 하는 거 창피한 줄 알아. 죄송합니다,2,3
70,혜민아 넌 날 떠날 수 없어 무슨 소리야. 내가 우리 헤어지자고 했잖아. 아니? 난 너랑 못 헤어져. 아니 안 헤어져. 그만하자 오빠. 나 너무 힘들고 지쳤어. 너도 나 사랑한다고 했잖아. 네가 그런 날 어떻게 떠나? 너무 숨 막혀. 오빠가 이럴 때마다 정말 네가 나랑 헤어지면 편하게 살 수 있을까? 내가 가지고 있는 네 사진들 회사에 뿌려도 되는 거니? 무. 무슨 소리야? 오빠 설마. 진짜 소름 끼친다. 난 매일 너를 담고 싶어서 사진을 찍은 게 문제가 돼? 우리 헤어지지 말자 이건 내 동의도 없이 찍은 거잖아,0,3
71,저기요 네? 너무 맘에 들어서 그런데. 아네 연락처 좀 여쭤봐도 될까요? 아. 죄송합니다. 그래도 연락처 좀. 남자친구 있어요. 번호 안 주면 여기서 당장 죽여버린다 아. 네 드릴게요.,1,0
72,너 어머니가 00병원에 있다고 했지? 어머니는 건드리지 마 병원비는 병원비대로 드는데 돈은 없고 그치? 지금 밀린 병원비가 한두 푼이 아닐 텐데. 그딴 거 내가 알아서 해 네가 무슨 수로? 그냥 내가 시키는 대로만 해 그런 더러운 일 안 한다고 했잖아 너 지금 내가 부탁하는 거로 보이니? 너나 네 어머니나 아무도 모르게 없애는 거 일도 아니야. 돈은 서운하지 않게 줄 테니 생각 잘 해보라고,1,0
73,야 너 내 돈 언제 갚을 거야? 나 너한테 빌린 적 없잖아. 이 새끼 봐라. 저번에 빵 줬잖아 그거 만 원짜리야 그거 남은 거 준 거잖아. 내가 너한테 줬다고? 여기 증인도 있는데? 내가 다 봄. 물건을 받았으면 돈을 줘야지. 안되겠다. 맞아야 정신을 차리지. 야 잡아봐 미안해 내일 만원 가져올게 이미 늦었어 새꺄 너 때문에 땀났으니깐 내 인건비도 오천 원 가져와라 알겠어. 미안해.,1,3
74,아줌마 시간 있어? 없는데요 저기 놀이터에 있는 아이 이쁘네 우리 아이 근처에 얼씬도 마세요 그럼 이따 저녁에 이곳으로 와 그건 곤란한데요 아이 목숨 생각해 제발 아이만은 알지? 아이 목숨 생각해 생각해 볼게요,3,0
75,손들어 있는 돈 다 꺼내 카약 강도다 돈 다 꺼내 놓고 밖으로 나가 알겠어요 근데 저기서 비밀번호를 눌러야 돈을 뺄 수 있어요 그래 빨리해 저기. 이 새끼가 어디서 수작을 부려 퍽 으악 잘못했어요 이 총으로 진짜 쏴버리는 수가 있어 말 잘 들어 네.,0,1
76,운영 중인 블로그에 좋게 써 드릴 테니까 서비스 많이 주시면 안 돼요? 이미 배달 출발해서 어떻게 더 배달이 어려울 것 같습니다. 그럼 주문한 거 공짜로 주시면 안 돼요? 괜찮습니다. 아 그럼 블로그 나쁘게 써서 가게 망해도 된다 이거죠? 장사한지도 오래되었고 블로그 평가 하나하나에 일희일비하면서 장사할 생각은 없습니다. 블로그 힘이 얼마나 되는지 모르나 본데 나 이래 봬도 유명해요. 유명한 분이면 그만큼 격이 있게 행동을 하셔야죠. 내가 나 좋자고 이래요? 사장님도 좋은 거라고요. 괜찮습니다.,3,1
77,너 내가 눈에 띄면 네 것 다 내놓으라고 했지? 죄송합니다. 됐고 좋은 말로 할 때 다 내놔. 시계 목걸이 반지까지다. 이건 안돼요. 강제로 내가 뺏기 전에 얼른 내놔. 너 내가 만만하냐? 아니에요. 시계 빼고 제 지갑이든 뭐든 다 드릴게요. 내가 뭐라 그랬어. 네가 가지고 있는 거 다 달라 그랬지 당장 내놓고 내 눈앞에서 사라져버려 제발요. 이 시계는 안돼요. 마지막 기회야. 순순히 내놓지 않으면 네가 한 짓 너 가족들한테 다 말해버릴 거야 살려주세요.,0,1
78,영업팀의 지희 씨 뭔가 혼자만의 세상에 빠진 거 같지 않아? 왜요?? 아니 저번에 점심 같이 먹자고 했는데 본인은 점심 원래 안 먹는다면서 본인 자리에서 시리얼 까먹더라고? 원래 점심 안 먹는 사람들 많잖아요 아니 그리고 저번에 팀장님이 지희 씨 새로 들어온 기념으로 회식같이 하자고 했는데 본인은 집에 일이 있다고 그냥 가버렸대요 글쎄 아 그래요.? 그니까 생각해서 팀장님이 말한 건데 사람들 앞에서 그렇게 대놓고 거절해서 팀장님이 민망해하셨다는 말이 있어요 할 말은 하는 스타일이시구나. 그리고 뭔가 너무 혼자 있는 것 같아서 말 걸면 너무 단답으로 대답하고. 챙겨주려고 한 제 맘이 머쓱해진달까 뭔가 좀 거리를 두는 거 같긴 하네요 지금 다시 생각해 보니까. 점심시간에도 혼자 웹툰만 보는 거 같더라고요. 그래도 회사 생활하려면 사람들이랑 얘기도 하고 본인 의지가 좀 보여야 하는데 그러니까요. 저러고 또 저번 사람처럼 금방 나가는 거 아닌가 몰라요 어휴 그럼 또 또 사람 뽑고 인수인계하고 복잡한데,4,2
79,아니 아저씨 일 빨리 안 끝내세요? 아니 택배 박스 바코드만 찍는 놈이 뭘 안다고 속도를 빨리 하래 아니 바코드 찍는 사람은 직원 아니에요 야 네 일이 편하겠냐 허리까지 숙여서 상품 바코드 있는 부분을 뒤집어 놓는 작업이 편해 보이겠냐? 어쩌라고요 그럼 아저씨도 이 일 해보시던가 야 상식적으로 누가 작업 속도가 더 빠르겠냐 이 고생도 안 한 놈아 그야 제가 빠르죠 야 넌 알고 있으면서 나한테 갑질하냐? 저런 못난 놈 어이 아저씨 노닥거리지 말고 일하시지 택배 상하차 하루 이틀 해봐? 젊은 양반 솔직히 좀 너무 한 것 아닌가 일하는 난이도가 너무 차이가 나잖아 아유 허리야 아니 이 노인네가 그럼 젊을 때 공부를 하고 바코드 찍는 일 하던지 배운 것도 없으면서,3,2
80,선생님 안녕하세요. 누구세요? 저 이번 대회에 참여한 박시우 학생 엄마입니다. 아아. 네 어머님 안녕하세요. 이곳엔 어쩐 일로? 다름이 아니라 저희 아이 이번엔 꼭 입상해야 합니다. 네? 그게 갑자기 무슨 말씀이신지. 저번에도 선생님께서 저희 아이 점수 낮게 주셔서 입상 어려웠던 거 다 알고 있습니다. 어머님 저는 시우여서 낮게 주고 시우가 아니어서 높게 준 것이 아니라 공정한 심사를 통한 점수를 준 것뿐입니다. 선생님 오신지 얼마 안 돼서 모르시나 본데 저희 아이 한 번도 떨어진 적 없었고 선생님 오신 뒤로 성적이 뒤처지기 시작했어요. 지금 이곳 저희 아버님이 투자한 거 모르시나 봐요? 저 때문에 시우가 성적이 떨어진 것이 아니라 그전에는 어땠을지 모르지만 저는 동등한 평가를 했습니다. 더 이상 드릴 말씀이 없네요. 선생님 좀 말이 안 통하시네요. 어머님이 건강이 안 좋으셔서 돈 많이 필요하신 걸로 아는데 당장 직장 잃으셔도 괜찮으신 건가요? 아니면 계속 다니고 싶으신 거면 제 말 아시죠?,3,1
81,지우야 너 카톡 계정 있지? 그것 좀 빌려주라. 네 근데 왜요? 내가 계정이 정지됐는데 비밀번호를 까먹었어 그거 비번 재설정하면 되지 않아요? 아 내가 몰라서 묻는 거 같아? 여러 번 했는데 안돼서 너한테 물어보는 거잖아. 다른 애들한테 부탁하면 안 될까요? 너 안 빌려주면 죽는다. 제발요 너 형이 잘해주니까 무시하냐? 야 이 네,1,3
82,뭐라고? 네가 뭔데? 뭐가요 너 나 누군지 몰라? 몰라요 그래? 너 잘 만났다 이리 와봐 제가 왜요 그냥 얼굴이 맘에 안 들어 네? 하 오늘 기분도 안 좋은데 너 잘 걸렸다 왜 그러세요,3,0
83,요즘 연락이 왜 이렇게 안돼? 바빠서 미안. 왜 전화했어? 왜긴 저번에 빌려준 돈 준다 했는데 말이 없어서 아 난 또 금방 준다 했잖아 조금만 기다려 저번부터 계속 기다리라 그랬잖아 벌써 1년이 다 돼가는 건 알고 있어? 아니 준다는데 왜 그러냐고 누가 네 돈 떼먹는데? 별 꼴 같지 않은 몇 푼으로 이러기냐? 뭐? 너 말 다 했어? 더럽고 치사해서 줄 거야 거지처럼 구걸하지 마라 야 이 새끼야 아가리를 확 찢어버릴까 말 조심해라 너나 조심해 돈 받고 싶으면 알아서 기어,1,0
84,다들 여기 계셨네요. 아 커피 한잔하느라고요. 저도 커피 마셔야겠어요. 여기 앉아도 되죠. 어 나 팀장님이 찾으시겠다. 들어갈게. 벌써 시간이 이렇게 됐어요. 저도 들어갑니다. 다들 수고하고 나도 그만 마셔야겠다. 그럼 수고하세요. 제대로 쉬지도 못하고 일하러 가야 하네 듣겠어요. 눈치가 없으니 우리가 모여있으면 끼려고 해요.,4,2
85,야 그 옷 어디서 났냐? 어? 그런 옷 어디 앞에서 증정품으로 나눠 주는 거 아니냐? 아니 이거 산 거야. 이걸 돈 주고 샀다고? 돈 버렸네. 내가 좋아서 산 거야. 이런 걸 왜 사냐? 거지 같게. 난 좋은데. 당장 갔다 버려. 어디서 냄새나는 거 같아. 미안.,1,3
86,아침에 전화를 받지 말든지 받았으면 제대로 해결을 하든지 죄송합니다 전달하기 힘들면 네 개인 수천에 메모해 놓지 말고 여기 중앙에다가 써놓든지 전달을 제대로 하든지 손님 보고 다 가능하다고 했다며 죄송합니다 욕은 내가 다 듣고 뭐 하는 짓이야 죄송합니다 시정하겠습니다 앞으론 아침에 전화를 받지 말든지 받았으면 혼자 독단적으로 말하지 말고 나한테 물어보고 해결 보고 손님한테 전화해,3,2
