idx,conversation,True Label,Predicted Label
1,나 연수 좀 도와줘 운전 연수 말하는 거야? 하.. 또 이 베스트 드라이버가 나설 차리인가? 응 야 좀 도와줘 도와주면 밥 사줄게 그래 가 해줘 나는 뒤에서 응원해 볼게 뒷좌석에 타려고? 괜찮겠어? 아 근데 내가 화가 많은데 괜찮지? 울면 안 돼 얘들아 나 그냥 학원 등록할게 친구 잃긴 싫다 우린 너를 잃기 싫은데 운전을 안 하는 건 어때? 내가 운전해서 너네 집 데려다주면 좋아할 거잖아 그건 너무 좋다 나는 무서워서 못 탈 거 같아 많이 타.. 휴 야 너 후회하지 마라,4,3
105, 아 부장님 땜에 진짜 힘들어 죽겠다. 왜. 또 야근하래? 진짜 너 고생한다. 세상 일 너한테 다 시키네 이일 저 일 전부 다 가져와서 내 책상 위에 산더미처럼 올려놔 아니 그 사람은 도대체 왜 그런대? 그러게. 자기 일까지 다 시키는 건 아니지? 몰라. 하도 많아서 이게 내 일인지 네 일인지 남의 일인지 알 수가 없어. 모두의 서랍 속에는 내지 못한 사직서가.. 야. 그러다 얘 진짜 퇴사한다. 말리지는 못할망정 퇴사 안 해. 아직 대출도 있고 저축도.. 아.. 야. 야. 좋은 생각해 좋은 생각 나도 사실 맨날 사장님한테 불려가고 있어 어? 왜 불려갔는데? 가서 깨지고 오는 거야? 맨날 회의한다고 불러서 3시간 4시간 붙잡아놓고 그런다니까 너도 참 힘들겠다 서로 파이팅 하자,4,2
847,예 저 다치셨어요 오시지 마요 어 다쳤어요 안 다쳤어요 야 더 내고 그 잘난 사람 잘난 데로 살고 못난 사람 맨날 못 난 데도 못난 어찌 어째 사는 거 아니요 아니 그니까 다치셨냐고요 다치셨냐고요 그러려 놔두세요 자식 같은 사람이 너무 그렇게 극성을 떠네요 여기 지금 뭐 지금 뭐 다쳐서 못 일어나고 있어요 집 마당에서 애들 애들 돌아도 우리 딸내미 여기서 사는데 아들 안 일러줬어요 여보세요 그냥 지금 그냥 마당에 그냥 앉았는데 팔도 못 들고 고개도 고개도 이렇게 내밀어요 여 뭐 목이에 목이다 얼마나 쥐어 끼어댔나 그 지금 아다 다쳐서 못 움직이 시는 거예요 그렇게 예 내 혼자 두 쇼 아 그니까 주소가 어디냐고요 어디냐고요 집이 집이 아이 예 잘난 사람 잘나서 그런 거죠 집이 어디냐고요 지금,4,3
1024, 야. 거지 너네 집 저기 판자촌이라면서? . 판자촌이 뭐야? 왜 저 위에 다 쓰러져가는 집들 있잖아. 거기 귀신의 집같이 다 허물어진데? 새끼. 귀신의 집은 무너지진 않잖아. 쟤네 집은 천장에 구멍도 뚫려 있을걸. 추워서 집에서 이불 둘둘 말고 있을 텐데. 용케 얼어 죽진 않았네. 날도 추운데 걱정은 못해줄망정 그게 무슨 망발이냐? 거지 친구야 내가 핫팩 하나 줄까? 추운데 이런 거라도 있으면 낫지 않겠어? 크큭. 와 배려심 봐라. 절어. 나도 쓰던 거 있으니까 저녁때까지는 쓸 수 있겠다. 내가 내일도 쓰던 거 줄 테니까 꼭 가져가. 쟤 주고 나면 나 손 시려서 어떻게 하냐? 새끼 꼴에 자존심은 있는지 얼굴 빨개지네? 그래 봤자 넌 거지새끼 못 면해.,3,1
1025,여보 생활비 좀 주세요 아니 이놈의 마누라는 허구한 날 입만 열면 돈타령이야 애들 학원비며. 괜히 애들 핑계 대지 마 제가 입고 쓰는 건 없어요. 거짓말 마 아주 뱃살이 출렁출렁 여보. 그러지 말고 생활비 좀 주세요 못 줘 뱃살 쳐지는 거 더 이상 보기 싫어서라도 못 줘 정말 제가 먹고 쓰는 건 없어요. 믿어주세요. 저리 가 이 여편네야 정떨어져,3,1
1044, 아 아줌마 운전을 이렇게 하면 어떻게 해요? 네? 무슨 일이시죠? 아줌마가 주차하면서 내 오토바이를 쳤잖아요. 무슨 소리예요? 이렇게 주차 선 안에 차가 잘 들어가 있는데. 여기 보세요. 제 오토바이가 이렇게 쓰러져 있잖아요. 아줌마 차가 내 오토바이를 쳤다니까 말도 안 되는 소리를 이렇게 경찰을 불러도 되지만 여기가 또 호텔 주차장이잖아. 아줌마를 위해서 내가 싸게 처리할게요. 한 50? 어때요? 말도 안 되는 소리 하지 마세요. 그럼 경찰도 부르고 보험회사도 부르고 아줌마 남편도 부를까? 다음 주부터 사이좋게 남편하고 운전 연수하면 되겠네. 이거 완전 사기꾼이네.,1,3
1062,어이 코털 왜왜? 아 놔됐고 너 매점 가서 곰보빵 두 개에 콜라 하나 사와라 나 돈 없어 돈 없어? 그럼 내가 돈줄께 어 여기 100원 줄 테니까 빵 두 개 콜라 하나 사고 거스름돈 거슬러와라 야 턱도 없어 야 뒤질래? 쌔벼서라도 갖고 와 색 카야 야,3,1
1073,나은 씨 네? 가서 커피 좀 타와 제가요? 그럼 여기 나은 씨가 둘인가? 아 저 커피는 좀. 왜? 나은씨 집에서 아빠한테도 커피 한번 안타 줘봤어? 저희 아빠는 스스로 내려 드시는데요. 뭐?? 그럼 여기가 집이랑 같다고 생각하는 거야?? 그건 아닌데. 하고 싶은 거만 하면서 살 수 있다고 생각해? 가서 얼른 타와 입 아프니까,2,3
1078,여기 서비스 좀 주세요 네? 오천 원어치 사셔서 제가 남는 게 없어요 죄송해요 저기 나 맘 카페 회원인데 이런 식으로 정 없이 장사하면 안되는 거 알죠 요새? 아 죄송해요 제가 다음에 오실 때 더 드릴게요 내가 다음에 언제 올지 알고 줘요? 그런 약속보다 지금 실행에 옮기세요 아 정말 죄송합니다. 제가 여유분도 없어서 아니 여기 왜 이렇게 답답하게 굴어? 죄송해요. 양해 한 번만 해주세요 그렇게 장사하다가는 오래 못 가. 네 죄송해요,3,1
1085,아니 이자가 왜 이리 늘어요? 너무한 거 아니에요 뭐 새끼야 애초에 돈을 빌렸으면 돈 주인 말대로 해야지 아니 너무하잖아요 야 넌 돈이 우습냐 죽고 싶어? 막 빌리면 막 이자도 올리는 거지 진짜 왜 그러시는데요 나중에라도 돈을 입금하는 게 좋을 거야 와 나 저 깡패 놈이 너 죽고 나 죽자 약골이 까부네 혼나볼래? 아 아파 죄송해요 넌 이자가 두 배로 늘어날 줄 알아,1,0
1108,여기에 지장 찍으라고. 이번 달까지는 돈 정말 갚을게요. 내가 오늘 기분이 좀 안 좋아서. 맞고 찍을래? 그냥 찍을래? 정말 못 찍어요. 이번 달까지는 돈 갚을게요. 아 그러셔? 그럼 맞고 지장 찍자. 재산 몰수는 정말 안돼요. 아니 맞는 걸로 끝내려 했는데 그냥 오늘 죽을래? 알겠어요 찍을게요. 이게 정신을 차리네. 재산은 정말 안되는데.,1,0
1111,야 왕따 뭐 하냐 오늘 머리는 감고 왔냐? 또 왜 그래. 학폭위 한 번으로는 모자라디? 이 새끼가 너 죽고 싶어 환장했냐? 야 내버려둬내버려 둬. 또 건드려봤자 좋을 거 없어 네 친구는 잘 아네. 나 건드려봤자 좋을 거 없으니 갈 길 가라. 아오 진짜. 너 오늘 집에 가는 길 조심해라. 걱정 마. 너 같은 새끼 때문에 엄마가 데리러 오실 거다. 이 새끼가 지금 장난하나. 확 야 참아 참아. 가자. 얘랑 얽혀서 좋을 거 없어.,3,0
1117,야 장애인 새끼? 팔병신이 밖에 돌아다니면 안 되지. 뭐라고? 넌 대가리 병신이냐? 뭐래 이 자식이? 팔 다친 주제에. 다른 팔도 부러뜨려줘? 그만하고 그냥 가던 길 가세요. 공부만 하면 뭐해. 팔이 하나 나갔는데. 이 새끼는 나중에 딸도 못 쳐. 나 왼손잡이거든? 아 그러세요? 그러면 왼손도 아작 내드려요? 너 대가리부터 고치고 와라. 적어도 네 거보단 나아. 개병신아. 경찰에 신고할 거야.,3,0
1126,손들어 있는 돈 다 꺼내 카약 강도다 돈 다 꺼내 놓고 밖으로 나가 알겠어요 근데 저기서 비밀번호를 눌러야 돈을 뺄 수 있어요 그래 빨리해 저기. 이 새끼가 어디서 수작을 부려 퍽 으악 잘못했어요 이 총으로 진짜 쏴버리는 수가 있어 말 잘 들어 네.,1,0
1131,인테리어비 좀 깎아주세요 네? 이것도 진짜 많이 깎아 드린 건데요 아 그런데 나 맘 카페 운영진인 거 아시죠? 네. 내가 카페에 후기도 잘 써볼 테니까 더 깎아줘요 한 삼백 까주는 거 어때 사모님 인건비도 안 나옵니다 아니 남는 게 없다는 건 다 업자들이 하는 그렇고 그런 말이고. 삼백은 진짜 안돼요 사장님 그냥 통 크게 해 아직 젊은 거 같은데 업체라도 망하면 큰일이잖아 그렇지? 괜히 입소문 타서 좋을 거 없어 생각 좀 해보겠습니다,3,1
1134,아줌마 다음 주부터 여기서 내가 다코야키 팔데니까 아줌마는 다른데 가서 붕어빵 팔아 저 여기서 3년 팔았어요 3년 팔고 나발이고 많이 팔았으면 이제 양보도 하고 그래야지 저는 어디 가서 하라고 그러세요 그거야 나 알 바 아니고 그냥 사이좋게 같이 팔면 안 될까요? 제정신이야? 붕어빵이랑 다코야키같이 팔자고?? 나란히? 둘 다 죽자는 거 아니야? 흑 진짜 갈 데가 없어서 그래요 제가 이 동네서도 오래 살았고 지금 동네 부심 부려? 확 씨 처맞고 갈 거야 그냥 갈 거야? .그냥 갈게요,0,3
1155,아줌마 네 안녕하세요 아줌마 여기 지금 사람들 많은 거 안 보여요? 네 보이는데 저도 제 업무를 하고 있어서요 아줌마 왜 사람들한테 피해를 줘요? 피해라니요? 제가 청소를 깨끗이 하고 있는 건데요 아침부터 걸리적거리잖아요 말씀이 심하신 거 아니에요? 이 아줌마가 내가 누군 줄 알고 뭐라고요?,3,2
1156,야야 너 여자친구 샤넬 백 들고 있던데 내 여자친구 좀 주자 주. 주준 여아 나 아직 40일 밖에 안됐어 말하기 좀 그래 그건 네 사정이고 인마 하루 준다 가서 빨리 가져와 진짜 미안해 그럴 수가 없어 그럼 뒤지게 맞고 가져오는 수밖에 퍽퍽 그래 차라리 날 죽여 난 절대 못해 이런 독한 새끼 꺼져 고마워.,1,0
1162,이민수 씨 맞으시죠? 네 누구시죠 당신 몸 캠리 찍힌 동영상 너희 부모님 친구들한테 보내려 하는데 어때? 뭐? 너 뭐 하는 놈이야 당장 이 계좌로 천만 원 보내 아니 그렇게 큰돈을 어떻게. 허. 내 말이 장난 같나 보구나 너네 엄마한테 먼저 보내주지 제발요 아니 보낼게요 보내면 되잖아 당장 보내 3분 줄게 그 안에 안 보내면 알아서 생각해 알았어요 제발 기다려주세요 흐흐 3분이라 했어 빨리 보내는 게 좋을 거야,0,1
1165,어이 너희 집 어딘지 이제 아는데. 왜 이래 제발 우리 집에는 오지 마. 그럼 내가 얘기한 거 하면 되잖아. 그걸 어떻게 내가. 안되면 집에 내가 가야지. 제발 오지 마 그럼 저기 가서 면담 좀 하자. 제발 안돼요. 할게요. 그때 얘기했다. 보고 가야지. 알겠어.,3,0
1171,어이 늙은이 나한테 이야기한 거요? 그래? 너다 언제 봤다고 반말이야 야 이 새끼가 아까 네 옆에 있던 새파란 여자 네 마누라 아니지? 뭐? 뭐요? 늙은 주제에 한참 어린 여자랑 바람을 피워 남이야 바람을 피우든 말든 무슨 상관이요? 야 시끄럽고 너희들 음탕한 대화 듣다가 기분 나빠졌어. 주머니 털어 빨리 가시오. 경찰 부를 테니 불러 부르라고. 짭새 오기 전에 이 칼로 넌 죽어 아. 알았으니까 진정하시오,1,0
1179, 아 얘 봐 얘 신발 봐 하하 진짜 신발 대박 꼴에 이런 거 신네 이. 이거 선물 받은 거야. 누구한테? 너 같은 지질한 가난한 애한테 누가 이런 걸 줘? 그. 그런 사람 있어. 선물 줬어. 얘가 어이없네? 이런 거 받으면 우리한테 줘야지? 너 같은 찌질이한테 이런 거 어울리니? 아 안돼. 이거 선물 받은 거라 안돼. 다른 거 줄게. 아냐아냐 네가 가진 거 다 거지 같아서 손 대기도 싫어 근데 그 신발은 신상이잖아 미안해. 내가 다음에 줄게 진짜 오늘은 그만하면 안 될까. 이거 안 주면 힘들 텐데? 그냥 주고 끝내지? 안 주면 내가 어떻게 할지 궁금해? 진짜 미안해 이 신발만은 안돼.,3,1
1226,할아버지 담배 한 갑만 사다 주세요 예끼 이 녀석 어디 어른한테 심부름을 시켜 아 저희 민짜라 안 뚫린다고요 좋게 말할 때 사다 주시죠? 뭐.? 좋게 말할 때.? 늙어서 힘도 없는 주제에 제가 심부름값 드릴게요 이. 이것들이 아 할아버지 화내는 것 봐 진정하세요 그러다 골로 가시겠네. 이. 뭐. 어 아 빨리요 저승길 가기 전에 담배 한 값 사다 주세요 이. 이놈들이.,3,1
1233, 너 우리 누나 좋아하지? 어? 어떻게 알았어? 네가 우리 누나 지나갈 때마다 음흉한 눈 치켜뜨길래 모를 수가 없었지 늘 모든 사람한테 친절하길래 응 우리 누나가 못생기고 못난 것들한테도 친절하거든 그게 너라고 딱히 의미 있는 건 아니고 아. 그래. 그래서 그런데 네가 우리 누나 좋아하는 게 불쾌해서 네 마음 정리 좀 해주라 사람 마음이 그렇게 칼로 무 자르듯 쉽게 정리되는 거 아니잖아 그거야 내 알 바 아니고 정리 얼른 해 너 같은 새끼가 우리 누나 좋아한다는 게 너무 소름 끼친다 얼른 정리 안 하면 알지? 내 성격 모르는 사람 없잖아 우리 학년에 나도 어떻게 할지 모르니까 뒤지게 맞기 싫으면 빠른 시일 내로 정리해 아. 알겠어,0,3
1237, 사람은 한 쪽 신장이 없어도 살 수 있다던데 갑자기 그 얘기는 왜 하는 거야? 아니 신장 하나 없어도 살 수 있다고 하면 굳이 두 개가 필요한가 해서 지금 나한테 하는 말이야? 어차피 사정이 이렇게 된 거 네가 하나 떼서 돈이라도 벌어오면 좋잖아? 내가 왜 누구를 위해서 그래야 하는 건데? 누구를 위해서라고 한다면 음. 쉽게 설명해 줘? 네 모든 정보다 우리가 갖고 있는 거 알지? 그게 뭐가 중요한데 그럼 이제 막 걷기 시작한 네 새끼가 어디에 있는지도 다 알고 있다는 거겠지? 뭐? 우리 애한테는 손대지 마. 제발 내가 어떻게 해서든 돈 구해올게. 너무 오래 기다려줬어. 그러니까 그냥 쉽게 가자. 잠깐만 자고 일어나면 다 끝나 있을 거야. 이거 놔 싫어 지금 뭐 하는 거야,0,1
1263,선생님 음주운전 측정이 있겠습니다 어 고생이 많아 후하고 불어주세요 아 나 모르나? 아직 신입인가? 네?? 나 너네 서장이랑 친구인데 오늘 좀 좋은 자리가 있어서 한잔했어 아네 그렇습니까 그럼 후 불어주세요 아니 말귀가 안 통하네 젊은 친구가? 네?. 그렇게 원리원칙대로 하다가는 먼저 골로 가는 수가 있어? 왜 그러십니까. 이럴 때는 눈치껏 보내줘야지 무슨 짓이야? 내가 서장 친구라니까 어? 아주 무서운지 모르고 내가 만만해? 제 일을 했을 뿐입니다.,3,2
1288,아 진짜 쟤 왜 이렇게 죽여버리고 싶지? 그런 마음 드는 게 하루 이틀이냐 그만하라고 제발 좀 네가 뭔데 이래라 저래라야 아 왜 치는데 더 때려줘? 주먹으로 아주 어루만져 줄까? 아니 이게 진짜 나 저 새끼 한 손으로 이길 수 있는데 너 쟤랑 두 손으로 싸우면 내가 더 센 거다. 크크 걱정 마 나 쟤 발로 상대해도 이겨,3,0
1289,강대리 진짜 재수 없네? 왜 꼬박꼬박 말대꾸에 사람을 그따위로 쳐다봐? 그니까 딴 동기들은 다 착한데 강대리만 참 사람이 못났어 하. 왜 한숨 쉬어? 야 너 싫어하는 동기가 한둘이 아니야 재수 없는 놈아 혼자 잘난 척만 하고 진짜 맞아맞아. 입사할 때부터 싫었어 넌 내가 뭘 그리 잘못했는데. 넌 태어난 거부터가 잘못이야 아 진짜 웃겨 그니까 그냥 태초부터 잘못된 거야 넌 이런 재수탱이는 사회에 방생되면 안 되는데 끔찍하다 정말 집에나 찌끄러져 있어 그냥,2,3
1296, 내가 지금부터 민감한 이야기를 할 거니까 사람 없는 곳으로 가서 전화받아요. 내 경고하는데 경찰에 신고하거나 주위 사람에게 알리면 애 배때기 칼로 쑤셔 버립니다. 아이가 어디에 있습니까? 애가 어디 있는지 그걸 왜 나한테 묻나? 네 애 어디 있는지도 모르나 아줌마? 지금 아이가 학교 갔는데 이 전화가 와서. 아줌마 내가 원하는 건 단순히 돈이야 돈. 난 돈이 필요하다. 나한테 돈 얼마나 해 줄 수 있나요 최대한? 아이가 어디 있는 거예요? 아이가 어디 있느냐고? 창고요. 창고 어딘데요? 아이가 어디 있는지 봐야 알죠. 어딘지 왜 자꾸 위치 묻느냐고 개년아? 돈 준비하라니까.,0,1
1309,내 리포트 내일까지 써 와. 내가 왜? 내 말 안 들으면 네 나체 사진 인터넷에 뿌릴 거야. 그런 사진이 있다고? 이거 너잖아. 너 이거 어디서 났어? 그건 알 거 없고 내가 시킨 대로 하면 돼. 미쳤니? 네 사진 다른 사람들이 다 봐도 된다는 거야? 너 협박죄에 불법 촬영으로 고소할 거야.,3,0
1312,선생님 제 남편 좀 살려주세요. 죄송합니다만 남편분은 가망이 없습니다. 선생님 선생님 밖에 없어요 흐흐흑 이러시면 곤란합니다. 남편분의 의식은 돌아오는 건 저도 장담 못 합니다. 죄송합니다. 당신이 수술하면 산다고 했잖아 당신 때문이야 여기서 이러시면 곤란합니다. 당신이 내 남편 죽였어 책임져 남편분은 이미 사고로 의식이 없는 상태로 오셨고 제가 생사를 장담 못 한다고 말씀드렸습니다. 언제 그랬어? 분명 올 때 내 손을 잡고 있었다고 당신이 죽였지? 진정하세요 살인자 살인자,3,0
1314,담배 좀 빌립시다. 학생들 같은데 그냥 가라. 거 같이 좀 핍시다. 학생이 무슨 담배야? 거 나이가 무슨 벼슬이라고. 아니 머리에 피도 안 마른 것들이. 머리에 피 마르면 죽어요. 어른한테 꼬박꼬박 말대답이야? 그럼 말 말대답고 주먹으로 대답할까요? 아니 끝까지 어른한테 됐다 이거 받고 저리 가라.,1,3
1324,나 학교 가있는 동안 게임머니 충전 좀 나도 학교 가는데? 게임머니 충전하고 와 얼마? 10만 원 근데 너도 돈 있잖아 네가 나 게임하는 모습 좋아하잖아 너 돈으로 해야 너도 뿌듯하지 뭐래 넣어놓을 거지? 생각해 볼게,1,4
1367, 어이. 정성을 다해 모시겠습니다. 사랑합니다 고객님. 무엇을 도와드릴까요? 아니. 시발 너네 회사에서 산 물건이 이게 말이 돼? 사자마자 부서지잖아. 아. 그러셨군요 고객님. 그러면 어떻게 도와드리면 될까요? 환불을 원하시나요? 지금 장난해? 방법은 네가 찾아와야지 왜 나한테 물어봐? 너 돈 받고 일하는 거 아니야? 윗 사람 불러와. 잘리고 싶지 아주? 죄송합니다 고객님. 그럼 제가 환불 절차 도와드리겠습니다. 구매하신 카드 번호 알려주시겠습니까? 환불이 문제가 아니라 내가 받은 정신적 피해까지 보상해 줘야겠는데? 너네 때문에 내가 얼마나 피해를 봤는지 알아? 죄송합니다 고객님.,1,3
1369,와 너처럼 생기면 어떤 기분으로 살아? 진짜 불쌍하다. 넌 꼭 나중에 성형해. 알겠지? . 조언해 줘서 고마워. 우리니까 조언해 주는 거야. 진짜 못생긴 얼굴 치워라. 다행이야. 요즘 마스크 쓰고 다녀서 넌 좀 좋겠다? 와 개인적 마스크가 너 살렸다 진짜 푸하하 너 얼굴도 존나 크니까 큰 마스크 사면 더 비싸? 아니야. 인정 더 비쌀 듯 후 모자도 꼭 쓰고 다니길 바랄게.,3,4
1401,내가 분명히 이번 주까지 돈 준비하라고 했지. 어떻게 된 거야. 죄송합니다. 다음 주까지는 꼭 드리겠습니다. 아주 여유가 넘치네? 다음 주까지 돈 준비 못 하면 어떻게 하려고. 기다려 주세요. 요번 주까지는 무리입니다. 다음 주까지 돈 못 구하면 신체 포기각서 쓰고 장기라도 팔아야지. 제발. 그건 안됩니다. 기다려주는데도 한계가 있는 거야 이 양반아. . 다음은 네 가족이니까 다음 주까지 돈 꼭 구해와. 네. 알겠습니다,1,0
1403,이자는? 이자까지 줬잖아. 그건 저번 기간 이자고. 이번 기간 이자까지 줘야지 이년아. 얼만데. 너 하는 꼬락서니 같아서 100은 더 받아야겠는데. 장난하지 말고. 이자는 됐으니까 좀 맞자. 저번에 잊었어? 원금 다 갚은 대신 내 집에 들어오지 말고 내 몸 털끝 하나도 건들지 말라고 난 동의한 적 없어 멍청한 년아. 죽을 때까지 너 따라다니면서 돈 뜯을 거야. 너 사는 재미없게 콱 죽어버려야겠다.,3,0
1404,다시 말해 보세요. 네? 다시 말해 보시라고요. 안녕히 가십시오 손님. 이렇게요? 왜 무슨 기분 나쁜 일 있어요? 왜 목소리에 힘을 주고 그래요? 기분 나쁘게? 무슨 말씀이신지. 이를 악물고 말하면 그게 안녕히 가라는 소리예요? 가다 차에 치여 죽으라는 소리지? 죄송합니다. 그런 의도는 전혀 아니었습니다. 아 정말 기분 나빠. 여기는 직원 교육을 어떻게 하는 거야? 다시 한번 사과드립니다. 그런데 정말 그런 게 아닙니다.,3,2
1409, 도대체 핵심기술이 뭐야? 끝까지 말하지 않겠다 이건가? 난 이 회사에 30년을 바쳐 일해왔어. 내가 그따위 협박에 넘어갈 것 같아? 기가 차는군. 그 노친네가 당신한테 해준 게 뭐가 있다고 이러는 거지? 당신은 절대 모를 거야. 회장님은 나에겐 아버지와도 같은 분이라고. 다시 한번 경고한다. 당신이 실토하지 않으면 나도 별 수 없어. 뭘 어쩌겠다는 거야? 이 막걸리에는 당신을 5분 내에 사망하게 할 치사량의 청산가리가 들어있지. 나를 죽이고 당신이 무사할까? 이봐 지금 당신이 걱정할 건 내 안위가 아니야. 당신 목숨이야. 절대 말 못 해. 너 따위 인간 때문에 회장님을 저버릴 순 없어.,1,0
1414,오늘 안에 보고서 제출하지 않으면 다음 주가 더 힘들 거야 이 보고서는 제 일이 아닌데요? 내 일이 네 일이고 네일이 네 일이지 그런 말이 어딨습니까? 여깄다 왜? 제가 여태까지 다 해드렸잖아요. 이제는 선배가 알아서 하세요 너 이렇게 하면 에타에 네가 했던 짓 다 올린다 그만하세요 좀 어쨌든 오늘 안으로 부탁해 난 믿어 네가 시끄럽게 하지 않을 거라는 걸 하,0,2
1415, 어이 학생 잠깐 얘기 좀 합시다 네? 누구세요? 아 앞집 아주머니 안녕하세요. 아 그래그래. 학생 다름이 아니라 학생 요즘 와이파이 잠그나? 네? 아 네. 제가 그전에는 비밀번호를 설정을 안 해두었더라고요. 그러니까 왜 갑자기 비밀번호를 설정해? 제가 사용하려고 하는 거고 당연히 제 맘대로 할 수 있는 거 아닌가요? 지금 그동안 자네 걸로 잘 쓰고 있다가 갑자기 잠가버리니 우리 애가 답답해 한단 말일세. 비밀번호 좀 풀어주겠나 아주머니 제가 왜 그래야 하죠? 아주머니 댁에 설치하시면 되잖아요. 거 참 왜 이렇게 구질구질하게 그러나? 같이 쓰면 좋은 거지. 아니 내가 그동안 어? 학생 챙겨준 게 있는데. 뭔가 오해가 있으신 거 같은데. 저도 저희 어머님 오실 때마다 아주머님 이것저것 많이 주셨고 제가 와이파이를 같이 쓸 이유는 없는 것 같습니다. 학생 이런 식으로 나올 건가? 혼자 산다고 안쓰럽게 생각해 줬더니 안되겠네. 당장 와이파이 비밀번호 안 풀면 무슨 일 생길지 몰라,1,3
1420,조용히 이혼하고 이 집만 넘겨. 당신이 무슨 자격으로? 무슨 자격이라니? 잊었나 본데 당신 범죄자야 내가 무슨 짓을 했다고 범죄자야? 너 저번에 유미 때렸잖아? 당신이랑 바람난 여자. 그럼 내가 가만히 둬야 해? 유미가 고소 안 하겠다는 조건으로 이 집 내가 받기로 했으니까 조용히 넘기고 사라져. 어쩜. 바람은 당신이 피고 손해는 내가 봐야 해? 어?. 당신 정말 왜 이래. 나 네 돈 보고 결혼한 거야 너 같은 애랑 같이 살아야 할 이유가 돈 말고 또 있었겠어? 빨리 도장 찍고 이 집은 나한테 넘겨. 싫어. 싫다고.,1,0
1437,인스타그램에 왜 그렇게 사진을 올려? 응? 무슨 말이야 별거도 없는 얼굴인데 셀카를 도배해서 물어보는 거야 도배라니. 몇 장 올리지도 않았는데 그다지 보고 싶지 않은데 최근 피드에 뜨니까 그럼 차단해 이럴 시간에 자존감 되게 높은 타입인가 봐 적당히 해 나니까 말해주는 거야 사람들 다 싫어해 자격지심 있어? 현실이 시궁창이니까 인스타 좋아요 나 만족하며 살려는 거겠지 그만하자,3,4
1442, 요즘 잘나가더라 무슨 일이야? 무슨 일은 우리가 용건이 있어야만 연락하는 사이인가 갑자기 연락해서 무슨 일 있나 했지 왜 요즘 잘나가니까 옛날 생각은 전혀 안 나나 보지 몸이 붕 떠서 날아다니니까 아래는 전혀 안 보여? 무슨 말이야 내가 무슨 그렇겠지 예전 생각은 하고 싶지도 않겠지 그래서 내가 예전 기억 싹 지울 수 있게 연락한 거 아니야 예전 기억을 지우다니 무슨 뜻이야 야 내가 다 묻어준다고 너랑 나랑 있었던 일도 지금 이렇게 잘나가시는 분 혹시라도 과거가 발목 잡으면 되나 내가 또 의리 빼면 시체 아니냐 5장만 주면 조용히 살아줄게 또 왜 그래 3년 전에도 내가 돈 줬었잖아,1,0
1449,너 이 자식 빨리 돈 안 내놔 기다려 보라니까 돈 주는 게 어디 그렇게 쉽나 너 녀석이 시간 끌어서 경찰 데려오려는 것 다 알아 그래서 어쩔 건데 죽여야지 빨리 돈 줘 나 죽이면 너 죄는 가중되고 돈도 없을 텐데 너 이 자식 고문한다고 하더라도 난 돈을 안 줄 거야 뭐야 어차피 날 죽일 건데 너 진짜 이 세상에서 흔적을 아예 없애줘? 어디서 이 자식이,1,0
1453,이번 기말고사 전교 1등 해야 한다고 했잖아. 성적이 이게 뭐야? 잘못했어요 엄마 내가 과외랑 학원 다 끊어줬는데 뭐 하는 거야? 최선을 다했는데 실수했나 봐요 내가 너 이러면 핸드폰 뺏는다고 했지? 잘못했어요 내일 영어도 실수하면 눈썹 밀 줄 알아 알겠어요 알겠으면 가서 공부해 머리까지 밀리고 싶지 않으면 네 알겠어요,0,3
1469,이봐요 아가씨 이렇게 해도 되는 거야? 손님 죄송합니다 내가 여기 단골이야 사장님 어디 있어? 손님 이건 본사 지침이라 어쩔 수가 없어요 됐고 당장 불러와 사장 연락해 드리겠습니다 여기 단골인데 이거 하나 못해줘? 진짜 어이가 없어서. 죄송합니다 내가 말만 하면 이 가게 다신 못 열어. 죄송합니다,0,3
1474,어? 김철우? 어.?.휘영아 안녕. 아? 너네 집 구멍가게 한다더니 여기가 너네 가게구나 잘 됐다. 응?.뭐가? 내가 마침 술 뚫을 데를 찾고 다녔거든 여기가 딱이네. 그렇지만. 미성년자한테는 술 팔면 안 되는데. 우리 같은 반 친구 아니었어? 그래도. 그건 법에 어긋나는 거잖아. 줄 수 없어. 아 이 새끼 야 너 학교생활 종 치고 싶냐? 잔 말 말고 시키는 대로 하지 그러냐? 안 돼. 부모님이 아시면. 나 정말. 네 사정이고 네가 있는 시간에 알아서 올 테니까 닥치고 내놔.,3,1
1478,우리 곧 시험인 거 알지? 응.? 그. 그렇지? 저번처럼 이번에도 부탁한다?? 뭐. 뭘 말이야.? 아니 이 이 시험 칠 때 우리 앞뒤로 앉게 될 텐데 네가 먼저 풀고 답안지 넘기라고 근데. 이제는 그만하면 안 될까.? 얘가 헛소리를 하네? 야 너 잊었냐? 너네 아빠 우리 회사 직원이잖아 효도해야지 안 그래? 제발 우리 아빠만은 해고시키지 말아줘. 그거야 네가 이번에 하는 거에 따라 달렸지 잘 부탁한다? 아. 알겠어,3,2
1487,김 씨 저번에 빌려 간 돈 이자가 오백만 원이야 아니 원금이 50만 원인데 어떻게 이자가 500일 수 있습니까? 계약서에 적혀있잖아 당장 돈 갚아 그럴 수 없습니다 이건 법적으로 따져도 이자가 너무 높습니다 김 씨 죽고 싶어? 김 씨 신장 하나 잃고 싶어? 아니 무슨 말을 그렇게 합니까? 돈 없으면 몸으로 갚아야 할 것 아냐 경찰에 신고하겠습니다 신고? 당신 몸으로 갚아 그럼 야 김 씨가 신장 하나 떼 가란다 이거 놔,1,0
1488,일을 왜 그딴 식으로 밖에 못 해? 제가 하나부터 열 가지 못한 게 뭐가 있죠? 그게 문제야 말을 하면 들어야지 저번에는 좋다고 이렇게 가자고 했잖아요. 왜 이제 와서 그러세요 너는 아는 게 뭐가 있다고 말대꾸야? 저는 저 대로 노력했어요 맨날 이런 식이잖아요. 너 그냥 죽어라 무슨 말씀을 그렇게 하세요? 일도 못하고 말도 못 알아들으니까 죽으라고 죽여줘? 그냥 퇴사할게요 저도 더 이상은 못 하겠네요,0,2
1490, 이 새끼 이거 봐라 지질한 새끼. 거지새끼가 어디서 돈이 나서 이렇게 좋은 옷을 입고 학교엘 다 왔대? 이거 우리 이모가. 이거 우리 이모가. 뭐? 거지새끼 너네 부모는 거진데 너네 이모는 돈 많다 이거냐? 근데 왜 저번엔 우리한테 돈 못 준 건데? 어? 거지새끼 대답해 봐? 말을 왜 그렇게 해. 야 이 거지새끼야. 거지새끼한테 안 어울리는 옷을 왜 너 새끼가 입고 있는 거야? 대답해 보라고 하잖아. 야. 그만해 그만해. 귓구멍 막힌 것 같은데 저런 새끼한테 말이 통하겠어? 벗으라고 무슨 뜻인지 몰라? 왜. 왜 이래. 이러지 마 벗기지 마 아 이 새끼 말 존나 못 알아듣네. 벗으라고 돌려줘 그거 내 거야 거지새끼한테 이런 게 어울릴 것 같아? 이제부터 이건 내 거야 인마,1,3
1491, 앗 죄송합니다. 일부로 그런 게 아니었어요. 악 뭐야? 오늘 새로 산 옷인데. 중요한 약속이 있다고 너 때문에 다 망했어. 고의가 아니었어요. 용서해 주세요. 제가 세탁비 드릴게요. 세탁비? 이 옷이 얼마인지 알고 그렇게 쉽게 말하는 거야? 정말 화나는군. 원하시는 금액 말씀하시면 최대한 맞춰드릴게요. 너무 노여워 마세요. 당장 100만 원 구해올 수 있어? 없잖아. 나 바쁜 사람이라고. 원하는 금액은 됐고 몸으로 때워. 아니 갑자기 그게 무슨 말씀이세요. 마침 몸이 근질근질했는데 좀 맞자. 피를 봐야 기분이 풀리겠어. 무슨. 말도 안 됩니다 그럴 수 없어요. 진정하세요. 먼저 잘못했으니까 맞는 거지. 쫑알쫑알 더 화가 나게 하는군.,0,1
1495,길동 씨 이것 좀 해줘 네 어떤 건가요? 내가 스타킹이 찢어져서 그것 좀 사다 줘 네.? 아니 상사가 부탁하면 좀 사다 줄 수 있잖아 네. 돈은 내가 줄 테니까 사와 네. 일단 길동 씨 돈으로 긁고 내가 나중에 줄게 어 고마워 거기다 둬 네.,2,1
1498,여보세요?? 네 어머니 안녕하세요 형기 담임입니다 아 네 안녕하세요 형기가 요새 성적이 많이 안 좋습니다. 아 그런가요.?? 형기가 요새 집에서 열심히 하고는 있는데 잘 안되나 봐요. 제가 봤을 때는 형기가 열심히 해도 정말 잘 안 따라주는 거 같아요 그래서 제가 그냥 성적을 올려드릴 수도 있어요. 근데 어머님이 저에게 성의를 어느 정도 보여주시면 바로 해드릴 수 있어요 아. 그런가요?? 그럼 한번 찾아뵐게요. 대화가 잘 통하시네요 어머님 기다리고 있겠습니다 넵.,1,4
1503,어디 그리 급히 가시나요? 어머머 누구세요? 그건 알 필요 없고 그 종이가방 엄청 소중히 안고 가시네요 신고할 거예요 경찰이 빠를까요 제가 빠를까요? 소리 지를 거예요 질러질러 아이고 사람들 여기 와보세요 이 아주머니가 저를 치한으로 모네요 제발 그냥 보내주세요 그냥 가세요 종이가방만 고이 놓고 말도 안 되는 소리 그만하세요,1,0
1515,야 저기 도움 반 애 온다 쟤 진짜 짜증 나 저번에 계속 나 쫓아다님 지능이 낮아서 그런가 어어 없네 확 쥐 어패 버릴까 보다 안녕 얘들아 꺼지라고 말 걸지 말라고 죽여버린다 꺼지라고 왜 그래 미안해 내 눈에 띄면 죽인다 앞으로 다른 길로 가 응,3,0
1557,영태야 돈 좀 줘 내가 돈이 어딨냐 없어? 다 뒤진다 진짜 없어 아씨 빨리 내놓으라고 지금 저거 먹어야 된다고 없다니까 한대 처맞기 전에 내놔 하. 여기. 역시 우리 영태 최고 그래.,2,1
1602,이게 뭐야? 아 나 요즘 취미로 하는 뜨개질이야. 갑자기 뜨개질? 응하다 보니 마음도 좀 차분해지고 온전히 내 시간이라는 생각 때문에 괜찮더라고 아 되게 의외다. 이런 거 완벽하게 만드는 것보다 그냥 내가 여기에 시간을 쓰고 집중한다는 게 좋더라고. 그럼 이거 다 풀어봐도 돼? 어? 다시 만드는 것도 의미 있는 거잖아 아니 그래도 이건 좀 아니지 않아? 야 하지 마 다 너를 위해서 그런 거야 어차피 많이 만들지도 않았는데 다시 예쁘게 해봐,3,4
1691,야 일병 내가 마스크 똑바로 쓰라 했지 죄송합니다 똑바로 쓰겠습니다 어?? 일병이면 소리가 2칸이어야지 소리가 크네 네. 시정하겠습니다 일병이 목소리가 작네 안되겠다 너 맞선임 누구냐 상병님입니다 오랜만에 상병 얼차려나 줘야겠네 너 때문에 제발 그것만은. 그럼 네가 똑바로 하든가 죄송합니다.,3,2
1703,야야 너 기절놀이 아냐? 그게 뭔데? 궁금하지 이리 와봐 알려줄게 이렇게 목 조르면 기절한다더라고 그. 그만해 하지 마. 조금만 더 해보자 궁금하잖아 진짜 기절하는지 살. 살려줘 그만하고 싶으면 기절해 새끼야 그만 좀 버텨라,3,0
1712,나 너 살 안 빼면 헤어질 거야 뭐? 진짜 내가 그 말 하지 말라고 했지 나 너 뱃살 있는 거 진짜 싫어 개새끼 살 얼른 빼 보기 싫으니까 작작 말해 미친 새끼 응응 이번에 살 안 빼면 진짜 나랑 그만 만나 알겠어 오빠 그래 뚱땡아아 응응 알겠어,0,3
1718,당신 부인을 데리고 있다 원하시는 게 내가 지정한 사물함에 돌을넣어놓지않으면 장기밀매로 넘기겠다. 당장은 돈이 없어요. 이런 죽어도 좋다는 말인가? 어떻게든 구해볼게요. 지금 몸이 많이 아픈 사람입니다. 30분 주겠다. 서울역 17번 사물함에 돈을 넣어놔. 어떻게든 구해볼게요. 기다려주세요. 난 인내심이 없으니 빨리하는 게 좋을 거야. .네,1,0
1723, 안녕하세요 이번에 부서 이동하신 분 맞죠? 아 네. 안녕하세요. 네네. 근데 사업 관리팀 좋지 않나? 어쩌다 인사팀으로 오신 거예요? 아 제가 원래 인사관리 쪽으로 관심이 있었는데 티오가 없어서 기다리다가 티오 생겼다고 해서 바로 오게 되었습니다. 거기서 꽤 높은 직급까지 다셨다고 들었는데 여기선 처음부터 하셔도 괜찮으신 거예요? 호호 그럼요. 전 좋아서 온 건데요. 그렇구나 난 또 거기서 다른 직원분들한테 은근 따돌림당하셔서 옮기신 줄 알았네요. 그런 일 없었습니다. 근데 왜 매번 항상 혼자만 다니시고 딱히 다른 분들이랑 살갑게 지내시는 걸 도통 못 봐서 제가 뭐 오해했나 봐요. 오해가 있으셨나 봐요. 전 그냥 혼자 다니는 게 편해서요. 같이 다녀 주는 직원들이 없는 것 같은데. 성격이 생각보다 별로 신가 봐요. 되게 까칠하실 것 같네. 여기서도 곧 다른 데로 가실까 봐요,2,4
1737,안녕하세요 네 혹시 이나연 씨인가요? 네 맞아요 왜 그러시죠? 돈을 안 갚으셨네요 아 맞다 내일까지 꼭 갚을게요 오늘까지 갚으세요 돈이 없어요 그럼 맞으세요,0,1
1740,너 이번에 면접 붙었니? 아. 그게. 또 떨어졌어? 누굴 닮아서 이러는 거야 아. 옆집 자식은 대기업 다닌다더라 죄송해요. 너 같은 자식 키우면서 바람 잘 날이 없어 죄송합니다. 그 나이 먹고 백수 짓 하는 거 창피한 줄 알아. 죄송합니다,3,2
1751, 야 너 왜 돈 안 가지고 오냐? 미안해. 내가 지금 장난치는 걸로 보이냐? 어? 왜 시키는 대로 안 해? 너 내가 오늘까지라고 했냐 안 했냐 안 갖고 오면 너 손모가지 잘라버린다 했냐 안 했냐 미안. 이 새끼가 미안 밖에 할 줄 모르나 아가리 다 찢어버려줄까? 어? 네 새끼 미안 소리 듣자고 내가 시간 내서 네 그 역겨운 면상 보고 있는 줄 아냐고 나 네 동생 년 어디서 아르바이트하는지 다 알거든? 네 집 비번도 내가 알고 있잖아 너네 집 개 그거 맘만 먹으면 언제든지 19층 밖으로 집어던져 줄 수도 있어 하지 마 우리 가족 건들지 마 내가 잘못했어 그러니까 왜 내 입 아프게 자꾸 말하게 하고 내 귀한 시간 자꾸 니깟게 갉아먹냐고 버러지 같은 게 너 같은 건 죽어도 싸 알아? 잘못했어 이게 확 씨 미안이랑 잘못했다는 말밖에 할 줄 모르냐? 돈 갖고 와 이 새끼야 너 우울증 있다며? 개나 소나 우울증 타령이야 여차하면 내가 너 옥상에서 밀어 가지고 떨어뜨리면 그만이야 그럼 사람들이 네가 뛰어내린 줄 알겠지 당연히 내가 너 한 번만 더 기회 준다 진짜 인생이 불쌍해서 아 오늘 너 가기 전에 유서 한 장 쓰고 가라 담번에도 돈 안 갖고 오면 이거 내가 옥상에 네 신발 옆에 고이 놔둬줄 테니까 아니야 내가 꼭 돈 갖고 올게. 멍청한 것들이 꼭 이렇게 구체적으로 가르쳐 줘야 말귀를 알아들어 너도 참 인생 뭐 같아도 죽기는 싫은가 보지?,1,0
1752,사장님 제 저작권 돌려주세요 시끄러 네가 포기했잖아 실패작이라면서요 됐고 네가 포기한 지금 이 순간 내 저작권이야 와 이런 도둑놈을 봤나 새끼야 인생은 먹고 먹히는 세상이야 사장님 진짜 천벌받아요 이러다가 음 호랑이가 사슴을 잡아먹는다고 천벌받냐? 네? 내가 호랑이고 순진한 자네가 사슴이라고 멍청이야 야 이 새끼야 어휴 그러게 자신을 믿었어야지 남을 믿으면 어쩌냐,2,1
1757,제가 많이 좋아해요 누구시죠? 저희 눈 오는 날 집 앞에서 차 때문에 만났잖아요 그런데 왜 연락을 하지죠? 다 해결된 거 아닌가요? 그때 저희 좋았잖아요? 저는 결혼까지 생각하고 행복했습니다 무슨 말씀이시죠? 앞으로 연락하지 말아주세요 지금 집 앞인데 만나서 이야기하실까요? 슬슬 열받는데 정중히 부탁드립니다 연락하지 말아주세요 이렇게 뒤통수치시면 안되죠 저는 결혼도 생각하고 있었는데 계속 연락하시면 차단하고 경찰에 신고하겠습니다. 지금 남편에게도 알렸어요.,3,0
1785, 내일까지 준비하라고 한 돈은 어떻게 되어가고 있나? 사장님 그 많은 금액을 어떻게 이틀 만에 준비합니까. 아직도 정신을 못 차렸군. 내 말이 말 같지 않아? 아뇨. 저도 최선을 다하고 있습니다. 조금만 기다려주세요. 당신 아내 사지가 멀쩡한 날은 오늘이 마지막이 되겠군. 그것만은 제발. 어디 보자. 손가락 발가락 모두 20개니 개당 500만 원으로 치고 자르면 되겠군. 제가 어리석었습니다. 용서해 주세요. 제발 제 아내만은 건드리지 말아 주세요. 내일까지 1억이야. 시간 금액 중 하나라도 안 맞으면 끔찍한 일이 일어날 거야. 알겠습니다. 반드시 구해오겠습니다.,1,0
1786,이야 내 동생 여자친구한테 편지 쓰네? 아 형 돌려줘. 어디 보자. 사랑하는 여자친구에게. 아 읽지 말라고 아니 이게 어디서 형한테 가만있어 봐. 내 편지야 요즘 항상 네 생각만 난다. 너네가 무슨 견우직녀냐? 웃기네. 그만하고 내놔 에헤이 나도 제수씨에 대해 알아야지 이거 사생활 침해야 내놔,3,1
1794,와 저 새끼 옷 입은 거 봐 저보고 하는 말인가요? 어 맞는데 쓰레기통에서 옷 주워서 입었냐? 뭐 하시는 거예요 지금 진짜 없어 보인다 혹시 거지세요? 시비 걸지 말고 그냥 가던 길 가세요 쪽팔리지도 않나? 나 같으면 수치스러워서 저러고 못 다닐 텐데 신경 끄시라고요 역시 거지라 그런가 발끈하네 너 돈 없지? 그만하고 저리 가세요,3,1
1824,이야 내 동생 여자친구한테 편지 쓰네? 아 형 돌려줘. 어디 보자. 사랑하는 여자친구에게. 아 읽지 말라고 아니 이게 어디서 형한테 가만있어 봐. 내 편지야 요즘 항상 네 생각만 난다. 너네가 무슨 견우직녀냐? 웃기네. 그만하고 내놔 에헤이 나도 제수씨에 대해 알아야지 이거 사생활 침해야 내놔,3,1
1844,이 대리 어제 피곤했나 봐? 아 아닙니다 아니긴 낯빛이 어두운데? 흠 그런가요 .? 아 이 대리 혹시 오늘 화장 안 해서 그런가? 아. 넵. 이 대리도 생얼이랑 많이 다르네 부장님. 말이 너무 심하신 거 아닌가요.? 말이 심하긴 눈에 보이는 걸 얘기한 건데? 난 이 대리가 걱정돼서 그러지 아. 넵 알겠습니다.,3,2
1859, 야 야 내일까지 이거 부모님 동의해오라는 거 좀 도와줘라. 응? 내가 이걸 어떻게. 아 너네 부모님 주민번호 알아와서 하면 되잖아 우리 부모님 주민번호를 .? 어차피 선생님들이 그런 거 다 보는 거 아니고 그냥 성인 보호자 동의만 해오라는 거잖아. 그렇지만. 너는 이딴 거 해오라고 안 하잖아. 아 짜증 나네. 말귀 못 알아듣냐? 그렇지만. 우리 부모님 주민번호를 내가 너한테. 내가 뭐? 나쁜데 쓴데? 아 진짜 우리 엄마 아빠는 이런 거 가지고 가면 뭐라 한다고 나도 우리 부모님이 싫어하실 텐데. 학교생활 망치기 싫으면 네가 이거 알아서 처리해라. 내일까지 부모님 번호 알아와,1,3
1862,아이고 최 사장님 요즘 일 좀 잘 되신다면서요? 아니요 그냥 뭐 이제 좀 직원들 월급 좀 주고 합니다. 아니 내가 거기 회사 세울 때 뭐 좀 도움 좀 주고 그런 거 같은데 감사 인사가 없는 거 같아서. 아. 제가 조만간 자리 좀 만들겠습니다. 뭐 조만간 할 거 있나 오늘 저녁 어떤가? 오늘 저녁은. 아예 그럼 제가 연락드리겠습니다. 그래 이따가 연락 달라고 여기로 모시겠습니다. 아이고 분위기 좋고만 한잔 받으십시오 제가 사장님 차에 좀 넣어 놨습니다. 제작은 성의니까 받아 주십시오.,1,2
1874,아니 머리가 왜 이래? 고객님 제가 그래서 고객님은 곱슬이라 이 머리하면 더 풍성해진다고 말씀드렸어요 아니 그래도 그렇지 이게 사람이야? 푸들이지. .분명 괜찮으시다고 하셨잖아요 아니 괜찮은 것도 정도가 있지 이거 나 이대로 못 나가 세 시간이나 걸렸어요 필요 없어 다시 피든가 아니면 고소당할 준비해 네? 제가 고소를 당해요? 어 사람 머리가지고 아주 장난질을 했다고 내가 너 고소할 거야 아. 그냥 다시 풀어드릴게요 앉으세요 네 시간 걸려요 얼마가 되든 원상 복귀해놔,3,0
1893,철수 씨는 그 학교 나와서 그 연봉 받고 살만해요? 그게 무슨 말씀이시죠? 아니 그렇잖아요. 학교도 좋지 않고 연봉 수준도 낮은데 살기 힘들지 않나 해서. 그건 제가 알아서 할 일이죠. 저는 그냥 걱정돼서. 앞으로 상황이 나아질 것 같지도 않은데. 할 말이 없네요. 그렇죠 미래가 없으니 할 말도 없으시겠죠. 저는 그래도 열심히 살고 있어요. 열심히 살면 뭐해요. 나아지는 게 없을 텐데. 다시 태어나도 불가능할 것 같고. 그만 얘기하고 싶네요.,3,4
1895,저기 아가씨 이쁘게 생겼네 아 네. 감사합니다 내가 요 며칠 유심히 봤거든 네? 그냥 이뻐서 그러는데 나랑 잠깐 쉬었다 가자 싫어요 경찰에 신고할 거예요 해봐 근데 너 00아파트 00호에 살지? 가족이랑 같이 아니 그걸 어떻게. 가족들 계속 보고 싶으면 잔말 말고 따라와. 네,0,3
1897,개발 2팀 이미나 대리 알아? 글쎄 이미나 대리가 지난달에 이혼했대. 진짜? 왜 이혼했대? 잘 모르겠는데. 어쨌든 그렇게 됐나 봐. 어머. 불쌍하다. 그 집 애도 있지 않아? 아마 둘일 걸? 어떡하냐. 남편 전문직이라고 그렇게 좋아하더니 불쌍하다. 애들은 어쩌고. 불쌍하지 이제 혼자 벌어야 하니. 왜 이혼한 거야? 바람피운 거야? 글쎄 아마 그렇지 않을까? 요새 쎄컨 두는 게 유행이니. 애들만 불쌍하지 뭐. 남 이사 이혼하든 말든 무슨 상관이야,2,4
1918,김 사장. 우리 그동안의 세월을 봐서 내가 많이 봐줬다. 한 번만 더 시간을 주면 안 되겠나? 김 사장도 양심도 없지. 내가 땅 파서 장사하나? 하지만 이자가 터무니없이 비싸네. 그럼 빌리지 말든가 급할 때는 좋다고 빌려 가놓고 왜 그래? 그래서 시간을 조금만 더 주게 제발 이틀 줄게 그 안에 안 가져오면 눈 한쪽 내놓을 생각해 눈. 눈을 말인가? 왜 싫으면 지금 당장 돈 가져오든가 내 어찌든 마련해 보겠네.,0,1
1935, 껍데기뿐인 정박아로 태어난 주제에 용케 아직까지 살아있구나. 좋은 아침 좋아질 것 같지 않지만. 모두 네 덕분이지. 너의 존재는 너와 함께하는 모두어 게 민폐만 끼칠 뿐이야. 그렇게 생각하든가. 네 생각과는 상관없이 난 잘 살아가고 있어. 내가 말하는 건 사실뿐이야. 시간이 흐르고 주위 사람들의 연민이 바닥을 보일 때 너는 그 무엇도 될 수 없어. 확실히 내겐 문제가 많아. 하지만 그건 내 문제지 네 문제인가? 내가 몇 번이나 말했었지. 네가 나를 괴롭히는 이유 다시 한번 말해주겠어? 멍청한 이 몸은 기억을 못하겠네. .너 같은 불량품 자식과 나의 혈관에 같은 피가 흐른다는 게 수치스러워서 견딜 수가 없어. 이쯤 되면 목을 메달 든 손목을 긋든 어서 자살하라고 내 손을 더럽히려 하지 말고. 절대 그럴 일 없다네 형제여. 네 삶의 모든 것을 불살라버릴 거야. 이 세상 모든 것이 너를 적대하게 되겠지. 그때 가서 후회하지 마.,3,0
1940,애 너희 오빠 잘생겼던데 아 그래 고마워 아니 고맙긴 뭘 어?? 다름이 아니라 나 너네 오빠 만나보고 싶은데 네가 연결 좀 시켜주라 어? 우리 오빠 여자친구 만날 생각 없다던데 그걸 네가 어떻게 알아? 마음이 바뀌었을 수도 있고 아. 왜 싫어?? 너네 오빠 몸에 금칠이라도 했어? 아니 그건 아닌데 그거 아니면 내 연락처 좀 전달해 주고 연락 오게 해줘 안 그러면 알지?? 좀 쉽게 쉽게 가자,3,1
1941,야 너 내 돈 언제 갚을 거야? 나 너한테 빌린 적 없잖아. 이 새끼 봐라. 저번에 빵 줬잖아 그거 만 원짜리야 그거 남은 거 준 거잖아. 내가 너한테 줬다고? 여기 증인도 있는데? 내가 다 봄. 물건을 받았으면 돈을 줘야지. 안되겠다. 맞아야 정신을 차리지. 야 잡아봐 미안해 내일 만원 가져올게 이미 늦었어 새꺄 너 때문에 땀났으니깐 내 인건비도 오천 원 가져와라 알겠어. 미안해.,3,1
1963,저번에 말한 물건들 준비됐어? 아니 선생님. 시간을 조금만 더 주세요. 저번에도 그랬잖아. 이번엔 그냥 안 넘어가 그리고 원래 300개만 준비해달라 하셨는데 300개를 더 요구하시는 건 좀 과하지 않습니까. 그래? 진짜 과한 게 뭔지 보여줄까? 죄송합니다. 너나 네 와이프나 자식들 장기라도 팔아서 준비해. 예.? 왜. 직접 해줘? 오늘까지 꼭 갚겠습니다.,0,1
1987,너는 앞으로 매일 내 책상 위에 스타벅스 샌드위치 올려놓도록 해. 응? 알겠어. 너 목소리가 왜 그래? 하기 싫어? 아 아니야 알겠어 그래 앞으로 대답할 때는 큰 소리로 말하도록 해 알겠어. 샌드위치 아무거나 올려놓으면 돼? 응응 목마르니까 가끔 마실 것도 꼭 올려놔 아 알겠어. 근데 매일은 조금 부담될 수 있을 것 같은데. 내가 알 바야? 아니면 너 학교생활 어려워질 거니까 두고 봐 아 알겠어.,1,3
1990,야 지금 차 내려 미친놈들아 나 카페에 있을 거니까 회장님 죄송하지만 지금 회의하러 가야 하지 않습니까 몇 시간만 참아주세요 네 저희가 최고의 카페를 알아보고 모셔다드릴게요 아니 이 진드기 같은 것들이 나한테 대꾸하네 내 말 안 들려 귀먹었어 회장님 회장님이 회의에 참석 안 하시면 저희가 해고당합니다. 제발 그렇게 한 번만 참아주세요 야 벌레야 너들이 해고당하든 말든 뭔 상관이야 네.? 지금 뭐라고요? 너희 진짜 귀가 먹었네 지금 해고시켜줄까? 당장 카페로 운전해 당장,2,0
2000, 우와 00아 너 이번에 올라온 사진 정말 예쁘더라. 아 응 고마워 그래서 그 사진 보고 네가 입은 옷이랑 립스틱 따라 사고 싶은데 어디 제품인지 알려줄 수 있을까? 나 정말 너 좋아해서 따라 하고 사진 찍고 싶어. 어. 00 여기 제품이야. 우와 봤는데 너무 비싼 것 같아. 어차피 사진 한 번만 찍을 건데 둘 다 빌려주면 안 될까? 아 그래. 빌려줄게. 그러면 빌려주는 김에 전전 피드에 올린 옷도 같이 빌려줘 아 그거는 내가 사촌 언니 이미 빌려줘서 못 빌려줄 것 같아. 그래? 근데 나 진짜 너무 궁금한데 언니한테 얼른 다시 받아서 빌려주면 안 될까? 너 엄청 착하잖아. 믿어도 되는 거지? 알겠어.,3,1
2035, 자꾸 이렇게 집착해서 전화 자꾸 하지 마 한 번만 만날 수 없니 딱 한 번만 우린 헤어졌는데 뭘 만나 난 아직 아니야 널 사랑해 뭘 사랑해 그런 놈이 둘째를 가지냐 그건 나도 술 마시고 술김에 모르고 넌 날 그 양 즐기는 상대로 만난 거니 이제 끝내자 아니야 조금만 기다려주면 이혼하고 정리될 거야 그럼 다른 사람 찾아봐 난 아니니 한 번만 만나줘 내가 설명할게 너 자꾸 이럼 임신한 네 와이프에게 우리 사진 보낸다 야 그렇게 하면 나도 가만 안 있어 네 남자친구랑 집에 나도 폭로해 버릴 거야 그래 이제야 본심 나오네 넌 그런 양아치야 넌 깨끗한 줄 아나 보네 그래 우리 서로 다 밝히고 깨끗이 서로 다시 시작하자 뭘 시작해 양아치야 너 한 번만 더 전화하고 찾아오면 널 아는 모든 사람이 네가 이런 사람이라는 걸 알게 해줄게,3,0
2037,엄마 나 5만 원만 얘는 뭐 오자마자 돈 얘기야? 아 참고서 사야 되니까 5만 원 빨리 줘 넌 무슨 놈의 참고서를 매일 사냐? 아 그냥 좀 줘 엊그제 참고서 산다고 가져간 5만 원은? 아 그건 이미 썼지 그 영수증 가져와봐 아 뭔 영수증이야? 그냥 좀 줘 야 네 엄마는 돈 천원 허투루 안 쓰는데 넌 맨날 돈 가져다 어디다 쓰냐?,3,1
2038,있는 돈 다 내놔 없어 말로 할 때 어서 없다니깐 나오면 죽는다 맡겨놨냐 죽고 싶어? 죽여 딱 대 미안,1,0
2049,아야 너 머 하냐? 숙제 중. 숙제하지 말고 내 심부름이나 해 싫어 나 숙제할 거야 숙제가 중요하냐? 응. 왜? 참나. 어디 한번 해볼까? 왜 그래? 왜 그려냐고? 네가 내 심부름 무시해서 그렇다 왜? 아 알았어 갔다 올게,0,3
2066,와 이 옷 좋아 보인다 왜 그래 야 옷 이리로 패스 야 받아라 어서 돌려줘 야 오늘 심심한데 옷 농구 어떠냐? 내가 멋지게 나 옷으로 골 넣어볼게 엄마가 사주신 내 소중한 옷이야 어서 돌려줘 야 닌 옷으로 농구하니까 농구할 맛 난다 하하 제발 돌려줘,3,1
2089, 이봐 최 대리. 와봐. 네 과장님. 내가 몇 번을 말했어 확인 똑바로 하라고 몇 번을 말했냐고. 죄송합니다. 확인은. 했는데. 지금부터 너는 말하지 마. 자격도 없어. .정말 죄송합니다. 다시는 이런 일 없도록 하겠습니다. 또 몇 번을 말해야 알아들어? 말하지 말라니까. 진짜 죽여버리고 싶네 이거. 과장님. 제가 똑바로 다시 교육시켜놓겠습니다. 열 내지 마시고 담배나 한 대 피시죠. 너 네 후배 교육 똑바로 시켜놔. 또 저 꼴 나면 그날 네가 대신 뒤지는 거야. 최 대리. 너 진짜 뒤지고 싶냐. 팀 분위기 이따위로 만드니깐 좋아? 그냥 죽어라. 도움도 안 되는 거. 도와줄까? 옥상에서 밀어줘?,0,2
2090,아 진짜 짜증 나게 하네 너 그냥 맞자 내가 뭘 했는데 왜 그래 일단 맞으면 알겠지 제발 무리한 것 좀 시키지 마 이게 무리하다고? 지금까지 잘했잖아 우쭈쭈 야 얘 동생 있잖아 그 학교 다니는 아 걔가 얘 동생이야? 제발 동생은 냅 둬 건들지 마 제발 너 하는 거 봐서,0,3
2098,야 어?? 왜 불렀어 너 내 가방 들어 가방??. 니거? 어 내가 방 싫어. 내가 왜 야 맞고 들을래 그냥 들을래? 그냥 들을게 짜증 나게 진짜 여기 오다가 떨어트리면 죽는다 잘 따라와라 알겠어,3,0
2101,야 가서 담배 좀 사와 나 청소년인데 그니까 내가 걸리지 않게 네가 사 오라고 어떻게 할 줄도 몰라 나 달라고 하면 되잖아 말이 많아 못하겠어 안 될 거 같아 그러면 훔쳐서라도 가져오라고 미안해 못하겠어 아 맞고 갈래 그냥 갈래 아 알았어 갈게,3,0
2105,야. 화장실에서 빨리 나와. 나 급해. 왜에? 난 아주 평온하게 볼일 중인데? 야. 빨리 안 나오면 죽여버린다. 내장이 배배 꼬이는 느낌이란 말이야. 야 어 그럼 그때 내가 갖고 싶었던 샤프 나 줘 뭐? 그걸 왜 줘야 하는데 싫으면 거기 계속 있던가 쾅쾅 줄게 줄게 빨리 나와 안 나오면 진짜 문 부숴버린다 철컥. 들어가 봐 후.,1,0
2128,이거 네가 계산해 어? 알았어 적립은 제 걸로 해주세요 야 내가 계산하는데 왜 네 거로 적립해? 왜 내 맘이지? 아 진짜 너 너무 한 거 아니니? 너 식충이야? 매일 얻어먹었잖아 돈 없냐? 내가 언제 맨날 얻어먹었어 맨날 사주기만 했지 야 이제 좀 눈치껏 너도 계산 좀 해 네가 그러니까 친구가 다 떠나는 거야 작작 좀 해라,3,1
2168,야 틴트 좀 빌려줘 저번에 빌려 간 건.? 아 그거 다 썼는데? 왜 나 주기 아까워? 그게. 아니라. 아까운 건 아니고. 그럼 뭔데 지금 네가 그렇게 하는 게 아까워서 안 주는 거 같은데? 그거 얼마 한다고 그것도 못 주냐 내가 너 친구 해 주는 거 고마우면 그 정도는 줄 수 있는 거잖아 나 없으면 친구 없지 않아? 혼자 다니고 싶어? 알았어. 여기.,3,1
2178,공책 돌려받길 원하면 빨리 뛰어봐. 이 굼벵이 아. 빨리 내놔. 빨릐 내놔 아. 빨리 내놓으래. 웃기다. 아 내놓으라고 내놓으라고 굼벵이 아 그러니 빨리 달려봐. 그게 뛰는 거냐? 그만 좀 놀리고 내놔. 그만 좀 놀릐고 내놔. 넌 좀 그만 따라 해. 넌 좀 그만 따라 해애. 아 굼벵이 너무 느려서 재미없다. 네가 안 가져가니 이건 내가 가진다.,3,1
2179,봉투 필요하세요? 그럼? 네?? 아니 그럼 봉투 안 주려고 했어? 아니요. 내가 그럼 이걸 머리고 이 고갈까? . 아닙니다. 아휴 답답해서리 얼른 봉투나 줘 죄송합니다. 일머리 없어서 쯧,3,1
2185, 네가 여긴 무슨 일이야? 내가 뭐 못 올 때라도 왔니? 손님한테 너무한다. 얘 학교에서 그렇게 괴롭히더니. 왜 여기까지 따라왔냐고. 내가 널 따라온 게 아니라 밥 먹으러 왔는데 너네 가게인 거잖아 어머 예진이 친구니? 안녕하세요 예진이 어머님 예진이 학교 친구예요. 하. 그래 맛있게 먹고 가라. 야 너 손님한테 태도가 왜 그래? 그리고 네가 내 핸드폰 부셔 먹은 거 기억 안 나? 그게 왜 내가 부순 거야? 네가 나 괴롭히는 거 찍다가 떨어뜨린 거잖아. 그러니까 네가 왜 살겠다고 발악을 해 이거 어머님 보여드려? 그러지 마. 제발. 우리 엄마한테 상처 드리고 싶지 않단 말이야.,3,0
2203, 우와 00아 너 이번에 올라온 사진 정말 예쁘더라. 아 응 고마워 그래서 그 사진 보고 네가 입은 옷이랑 립스틱 따라 사고 싶은데 어디 제품인지 알려줄 수 있을까? 나 정말 너 좋아해서 따라 하고 사진 찍고 싶어. 어. 00 여기 제품이야. 우와 봤는데 너무 비싼 것 같아. 어차피 사진 한 번만 찍을 건데 둘 다 빌려주면 안 될까? 아 그래. 빌려줄게. 그러면 빌려주는 김에 전전 피드에 올린 옷도 같이 빌려줘 아 그거는 내가 사촌 언니 이미 빌려줘서 못 빌려줄 것 같아. 그래? 근데 나 진짜 너무 궁금한데 언니한테 얼른 다시 받아서 빌려주면 안 될까? 너 엄청 착하잖아. 믿어도 되는 거지? 알겠어.,3,1
2207,아니 현주 씨 머리는 어디 발바닥에 달렸나? 네? 하나님이 주신 머리는 쓰라고 있는 거 아닌가? 무슨 말씀이신지 일을 이따위로 하니까 내가 신기해서 그래 리를 그냥 장식으로 달고 다니는지 말씀이 너무 심하세요 말씀이 심해? 나는 네 머리가 장식인 게 더 심하다 가려서 해주세요. 어휴 일도 못하면서 또박또박 말하는 것 좀 봐 누가 데려갈는지 고생 꽤나 하겠어 사과해 주세요.,2,3
2229,민주야 그거 입술에 바른 거 뭐야? 아 이번에 로드숍에서 신상인데 세일할 때 샀어 근데 너는 쿨톤인데 좀 안 어울리는 거 같은데? 아 그래? 응 내거는 조금 남긴 했는데 이게 더 잘 어울리겠다 내 거랑 바꿔줄게 어?? 내건 새거고 한 번밖에 안 발랐는데 너껀 텅텅 비었는데.?? 아니 친구가 생각고 더 어울리는 색깔 골라주는데 성의를 무시하는 거야? 아니. 그게 아니라 너무 차이가 많이 나서 야 그거 너랑 안 어울린다니까? 존나 말귀 못 알아먹네 왜왜 그래. 이거랑 바꾸라고 이게 더 낫다니까? 진짜 찐따가 말귀도 못 알아 처먹고 진짜 아 알았어.,1,3
2243,이번에 뇌물 받으신 거 다 알고 있습니다. 그래서 어쩌려고? 여기 녹취록이랑 출금 내역입니다. 원하는 게 뭐야? 저희 이번에 아파트 건설 들어가는 거 아시죠? 시청 옆 부지 말하는 건가? 이번에 규제 하나 때문에 몇억이 더 들게 생겼거든요. 그냥 넘어가 달란 이야기인가? 그렇지 않으면 지금 바로 이것들 기자한테 넘기고 죽일 수밖에 없어요 알겠네. 받아들이겠어,0,1
2247, 나 임신했어. 뭐?? 무슨 소리야. 갑자기. 이번에 생리가 너무 늦어서. 병원에 다녀오는 길이야. 너 제정신이야? 지금 이 상황에 임신이 말이 되냐?? .아니 이게 이렇게 화낼 일이야.? 그리고 나 혼자만 하는 것도 아니잖아. 야 그리고 솔직히 너랑 내가 결혼한 것도 아니고 하루 종일 붙어있는 것도 아닌데 내가 널 어떻게 믿냐? 너 지금 말 다 했어? 제정신 아닌 건 너 아니야? 그게 지금 네 얘 임신했다는 나한테 할 소리야? 상식적으로 말이야. 네가 안전하다고 했고 그 뒤에 네가 누구랑 붙어먹었는지 내가 알아? 참 내가 호구로 보이냐? 네가 당연히. 낳자고 안 할 거라곤 생각했지만. 이렇게까지 개만도 못한 말 할 거라곤 차마 예상도 못 했다. 당연하지 내가 남의 새끼인 줄도 모르는 애를 어떻게 키우냐? 당장 지워. 돈을 계좌로 보낼 거니까 그렇게 알고 다신 보지 말자. 너 진짜 그렇게 살지 마. 진짜 나쁜 새끼야.,3,1
2248,야 너네 집 돈 많다며 아닌데 누가 그래 너 집 대기업 한다고 소문이 자자하던데 맞긴 한 대 내가 요즘 너무 돈이 없어 너네 집 잘 사니까 나한테 좀 기부 좀 해라 내가 왜 너한테 기부를 해야 되는데 원래 잘 사는 사람들은 못 사는 사람들 돈을 갈취해서 잘 살게 되는 거잖아 그런 논리가 어디 있어 대기업의 갑질 횡포 그런 거 모르냐 너네 때문에 우리 집이 가난하게 살게 되었고 이 모양이 꼬락서니로 살고 있는데 솔직히 말해서 울 집 대기업 아니야 잘못 들은 거야,1,3
2250, 사모님 이 건물 이번 내진 평가에서 1등급 받은 건물입니다. 선택하시면 후회 없으실 겁니다. 네? 사모님 저희 과장님이 착각하신 거 같은데 이 건물 내진 평가에서 4등급 받았어요. 그 전집이랑 착각하셨나 봐요. 아닌데? 이 건물 1등급 받은 거 맞아 황 대리 밖으로 잠깐 나와보게 할 말 있으니까. 네. 사모님 여기서 잠시만 기다려 주십시오. 야 너 미쳤냐? 네가 뭔데 내 말에 끼어들어서 아니라고 얘기해? 어차피 저런 애들은 그런 거 몰라. 그냥 대충 얘기하고 넘어가면 된다고 왜 초를 치고 그래. 그래도 이런 건 말해주는 게 맞죠. 나중에 서류 보면 나올 텐데 그리고 4등급이면 꽤 높은 겁니다. 야 네가 집 사면 4등급이 좋겠냐 1등급이 좋겠냐? 그리고 내가 착각했다 그러면 저 사람이 날 믿겠어? 전 착각하신 줄 알고 다시 말씀드린 겁니다. 기분 나쁘셨다면 죄송합니다. 그래도 이런 건 말씀 제대로 드려야죠. 야 너 적당히 나대. 죽고 싶냐? 내가 하. 야 너 딱 기다려. 야 너 떨어져 이리 와 알아서 떨어진 척해. 너 죽여버릴 테니까 왜 이러세요 밀지 마세요. 말 안 할게요 말 안 할 테니까 제발 밀지 마세요.,0,2
2256, 여어 야 너 랑 만나지? 아. 어. 그렇게 됐어. 하아 너 진짜 대단하네.는 뻔히 랑 진지하게 만나는 거 알고 있는데 네가 낀 거자 너? 진짜 뻔뻔하네? 아니. 이미 그때 둘 사이가 이미 소원해서 그런 거 아냐. 아니긴 뭐가 아냐 내가 다 아는데. 너 진짜 얼굴 철판 제대로 깔았다 내가 확 들한 테 다 불어버린다 너 제대로 퉁소 쳤다고? 아니야. 그러지 마. 그냥 조용하게 만나다가 나중에 말할 생각이야. 네 일도 아니고 좀 나서지 마. 아 이거 웃긴 놈 년이네? 누가 누구한테 큰 소리야? 확 네 직장이랑 동기들한테도 소문낸다? 제발 좀 그러지 마. 조용히 살자. 너한테 민폐 끼친 것도 아니잖니. 와 얘 진짜 미쳤네. 너 지금 잠깐 즐기렴. 난 분명 경도했다. 나중에 모라고 하지 마. 아냐 내가 다 미안해. 제발 어디 소문 좀 내지 말아줘. 제발. 이렇게 부탁해. 그걸 맨 입으로? 내가 어떡하면 좋겠니? 아니 내가 뭐 돈 달라긴 못하고 너랑 나랑 같은 직장이잖니. 요즘 주말에 당직 많던데 그거 좀 대신해 줄 수 있을까? 요새 주말에 내가 좀 바빠서. 하아. 알았어. 대신 아무한테도 말하면 안 돼? 알았어. 걱정 마. 내가 싹 잊을게,1,3
2258,너 왜 어제 연락이 없었어. 어제 바빠서 그랬어. 왜 또 그래? 내가 분명 말했지. 내가 전화 걸면 바로 받으라고. 사람이 바쁘면 신경 못 쓸 수도 있지. 이런 일이 한두 번이니? 왜 저녁에 바빴는데? 아 너랑 말 섞기 귀찮다. 해명하는 것도 이제 지쳐. 너만 지쳐? 너 남자 만났지? 그건 또 무슨 소리래. 말 걸지 마. 너 그 핸드폰 내놔. 손목 부시기 전에 내놔. 왜 말을 그런 식으로 해? 싫어.,0,3
2296,이번에 공사 하나 하는데 너네 애들 좀 쓰자. 이번에도 말입니까.? 응. 쓰던 애들이 편하고 좋더라고 이번엔 안됩니다 형님. 다른데 애들은 또 비싸. 그러면 돈을 좀 주던가 죄송합니다. 힘들 것 같습니다. 힘들어? 너 진짜 인생이 힘들어지고 싶어? 정말 왜 그러십니까 형님. 너네 사장이랑 나랑 어떤 관계인지 알지? 예 알겠습니다.,1,2
2305,오 신발 샀냐? 응. 전에 신던 게 다 헤져서. 부모님이 사주셨어. 너네 집 꽤 사나보다? 이런 신발도 잘 사주시고? 응.? 그런 건 아닌데. 그래도 신발은 오래 신는 거라고. 잠깐 벗어봐. 나 한 번만 신어보자. 어. 돌려줄 거지.? 아 장난치냐 내가 그럼 네가 신 던 거 가져갈까 봐 그래? 빨리 내놔보라고. 잠깐만이야. 와 이거 딱 내 신발이네. 야 나 이거 며칠만 빌려주라 내가 신으니까 네가 신을 때보다 더 멋있잖아. 고맙다 잘 신을게 돌려줘. 정말 안돼. 저번에도 네가 빌려 갔다가. 다 헤져서 산 거란 말이야.,3,1
2313,어이쿠 지금 사람 쳤어? 죄송합니다 실수예요 이놈이 사람 잡네 괜찮으세요? 제가 잠시 실수를 했.네요 눈을 얻다 두고 다니는 거야 죄송합니다 겁대가리 없이 어디 해보자는 거야 아닙니다 제 실수입니다 야 잘못한 줄 알면 매값을 해야지 흠씬 두들겨 맞을래 순순히 매값 내놓을래 아이고 제가 잘못했습니다 용서하세요,1,0
2333, 자네는 생각이 없는가? 네? 내가 자네 결혼할 때 빈 몸으로 와서 집을 사줬으면 우리 집에 주말마다 와서 얼굴도 비추고 자네 장모 적적하니 이야기도 하고 밥도 해먹고 그래야 하는 거 아닌가? 네? 지난주에도 들렸는데. 아니 장인어른이 말하면 네 죄송합니다 하면 되지 자네는 집에서 교육을 그렇게 받았는가? 장인어른 말씀이 좀 심하신 것 같습니다 왜 기분 나쁜가? 나도 기분이 자네 때문에 안 좋네 제가 뭘 그렇게 잘못했는지도 모르겠습니다 나 참 사위라도 마음에 안 드는 거 데려왔어도 딸아이가 좋다길래 받아줬더니 기어코 이런 일이 생기네 장인어른 너무하십니다,3,0
2338, 여보 식사하세요 어 지금 가. 여보 오늘도 고생 많았어요. 왜 이래? 밥이나 먹어. 당신 근데 견과류 알레르기 있다고 했죠? 어. 먹으면 목이 부어서 숨이 안 쉬어져. 그래서 어릴 때 이후로 한 번도 먹어본 적 없어. 왜? 아니에요. 나도 당신 만나고 견과류 먹어본 기억이 없어서. 내가 안 먹으니 너도 안 먹어야지. 말이라고 해? 알죠. 그래서 지금까지 안 먹었잖아요 근데 여보 오늘 샐러드드레싱 어때요? 땅콩 좀 갈아 넣어봤는데. 윽. 뭐야? 당신. 일. 일부러. 윽. 살려줘. 약. 약. 켁. 여보 그동안 고마웠어요 그러게 내가 원하는 대로 해줬으면 좋았잖아. 잘 가요 여보,0,3
2378,이번 한 번만 더 싸게 물건 넘기면 되는 거야. 알겠지? 이번에도 이 가격으로 계약하면 저희 회사 망합니다. 너네 하청업체 그동안 담합이랑 단가 위조까지 모두 다 신고해 줘? 제발 그것만은 참아주세요. 그러니까 그냥 조용히 계약서에 날인하란 말이야. 회장님 제발 사정 한 번만 봐주세요. 그러니까 원하는 대로 편하게 살고 싶었으면 아예 책잡힐 일을 하지 말았어야지. 안 그래? 제가 계약 조건 최대한 좋게 해드릴 테니까 조금만 여유를 주세요. 더 말하지 말고 정해. 재판받을지 아니면 계약할지. 알겠습니다.,1,0
2380,어이 야. 어딨는데. 님 담배 때문에 잠깐 밖에요. 그럼 내가 얘기한 거 다했어. 아직 제가. 안되면 나 오늘 담탱이한테 불려가는데. 님 제발요. 조금만 시간을 그러고도 안 맡는다고. 바로 할게요. 얘기했다. 바로 해놔. 예. 알겠습니다.,3,0
2389,당신 아들 목소리 맞지? 네. 제 아들 맞아요. 제발 제발 건들지 말아 주세요. 지금 말하는 것만 지키면 된다. 뭐든 하겠습니다. 2시간 줄 테니깐 신촌역 3번 출구 앞 농협 기 소화전 옆에 300만 원 놓고 가. 네? 두 시간이요? 두 번 말 안 한다. 이 시간이 지나면 너 아들 얼굴 못 볼 줄 알아. 제발 제발 제 아들만은 건들지 말아 주세요. 그럼 약속 장소에 당장 돈 들고 오면 되겠네. 네.,0,1
2393,돈을 갚을 능력이 없으면 빌리지를 말아야지 시간을 조금만 더 주면. 그동안 기회를 많이 줬잖아? 한 달 딱 한 달만. 내 인내심이 그렇게 대단 치를 못해서. 계약서에 있는 대로 수술한 번 해야겠어. . 신장은 튼튼하지? 그러면 제가 일을 할 수가 없잖아요? 뭐 그 정도면 당분간은 일 안 해도 돼. 물론 이자는 늘겠지만. 그게 무슨 말도 안 되는. 그건 싫다? 그러면 남의 돈 막 쓰면 안 되지. 가져다 쓰기만 하면 되나? 양심도 없이. . 내가 마지막 아량을 베푸는 거야. 보름. 그 후엔 내 맘대로 수술 날짜 잡는다.,0,1
2446,저기 이 제품 좀 꺼내서 볼 수 있나요? 네? 어떤 제품 말씀하세요 고객님? 여기 이 블루 시계요. 아. 이건 좀 고가라서요. 네 알고 있는데요. 직접 구매하실 의향이 있으신 분이면 꺼내드리는데. 제가 살 수도 있잖아요? 고객님 이 모델은 최하 3천만 원부터 시작합니다. 구매가 가능하시다는 거예요? 아니 고객한테 이렇게 무례해도 되는 겁니까? 아뇨 전 구매가 가능하신지 여쭤만 보는 건데요?,3,1
2464,선배가 말하는데 대답을 해야지 네 선배님 말하기 전에 대답할 순 없나? 네 선배님 이봐 이봐 창의성이 없어 대답하란다고 대답만 해? 네 선배님 김 팀장이 너네들 데리고 일하느라 속이 터지겠군 앗. 이봐 이봐 선배가 이야기하는데 눈만 껌뻑껌뻑하고 내 속이 다 터지겠네 앞으로 주의하도록 하겠습니다,3,2
2496,네가 내책가져갓냐 잠깐 빌려 간 거야 그럼 말을 하고 빌려 가던가 잠깐 보고 냅둘랴고 했어 근데 왜 아직 들고 있냐 책하나 가지고 왜 그러냐 당장 내놔라 아직 덜 봤어 다 보고 줄게 죽고 싶냐 당장 내놔라 너 협박죄로 고소할 거야,0,1
2514,당신 어디 부서야 사장 나오라 그래 고객님 죄송합니다. 이건 제 선에서는. 처리가 안되는 부분이고 규칙 위반입니다. 손님이 왕인데 장난치는 거야 죄송합니다. 손님. 사장 당장 불러 경찰이 신고하기 전에,3,2
2515,어이 거기 누구 담배 있으면 하나만 주라. 갈 때 가더라도 담배 한대 정도는 괜찮잖아? 응? 돛대 한대 드려 오늘 이사회 날이냐? 자성이한테 전해줘라 회장 자리를 다 앉고 새끼 출세했네 넵 거 죽기 딱 좋은 날씨네? 이제 그만 가시지 예 아 잠시 나 아직 담배 다 안 폈는데 뭘 다 펴 인마 그냥 죽어,0,1
2521,와 00이봐. 엄청 먹는다. 그러게. 왜 저렇게 많이 먹어. 저렇게 먹으니깐 관리가 안 되지. 저 오늘 처음 먹는 식사예요. 그래도 그렇게 먹으면 보기 안 좋지 그래 적당히 먹어야지. 언제까지 살도 안 빼고 그럴래. 곧 취업하고 결혼해야 하는데 관리 안 한 여자를 누가 데려가니. 저 나름대로 관리 중인데. 00아 너 걱정돼서 하는 말이야. 살 빼야지 언제까지 먹고 관리 안 할 거야. 그만 먹어 네.,3,2
2533,민희 씨 오늘 오후에 연가 썼네? 네 어디 가? 아들이랑 시간을 너무 못 보낸 것 같아서요 아 그래? 우리 아들이랑 민희 씨 아들이랑 같은 어린이집 다니잖아 아 맞아요 그럼 좀 따 우리 아들도 껴주라 네? 왜? 어차피 애 엄마가 애 한 명보다 두 명보나 비슷하잖아 아니야? 아니아들이랑만 시간 보내려고 그래그래 우리 아들이 얼마나 상대적 박탈감을 느끼겠냐고 부탁 좀 할게 내가 선생님한테 전화해놀게,2,3
2548, 오늘 왜 빨리 집에 갔어? 맡은 일 다 하고 퇴근시간 다 돼서 갔습니다. 내가 끝나고 집에 같이 가자고 했잖아. 왜 나 피하는 거야? 회사 동료니 회사에서 보면 되는 것 같습니다. 선배님. 내가 너 좋아하는 게 잘못이야?? 왜 나를 피하냐고 그럼 내일 회사에서 뵙겠습니다. 너 자꾸 이러면 회사 게시판에 글 다 뿌린다 네? 무슨 글을요. 글 쓸만한 게 없는데요 너 완전 인성 쓰레기에 문란하다고 회사 사람들한테 다 폭로할 거야 저는 그런 사실이 없는데요. 뭘 폭로한다는 거죠? 사실이든 가짜든 사람들이 그거 구별할 거 같아? 그리고 너를 믿겠어 나를 믿겠어? 진짜 이러지 마시고요. 직장 내 괴롭힘 범죄입니다. 범죄? 웃기네 진짜. 내가 너 일 가르쳐 준 게 얼만데 나한테 뒤통수를 쳐? 평생 승진 못하게 해버린다. 제발 그만하세요. 성추행도 시도하셨잖아요. 자꾸 이러면 인사과에 고발하겠습니다. 뭐 고발?? 너 진짜 회사 못 다니게 해버린다. 다 죽여버릴 거야 경찰에 신고하겠습니다.,0,2
2578,어이 김 씨 가져왔지? 모으고 있는 중입니다 머? 내 말을 입으로 쳐드셨나? 이 쉐이 바라 최선을 다하고 있습니다. 최선? 최선? 뭔 개소리야? 뒤지고 싶냐? 내일까지는 꼭 하겠습니다. 팔모가지 하나 또 사야 정신 차리지 아닙니다. 잘못했습니다. 필요 없고 빨리해. 네 팔모가지 날아가기 전에 예예,0,1
2592,왜 남의 것을 함부로 만져? 뭐? 싸가지 봐라 내 맘인데? 이리 줘 싫어 이거 웃기다 애들 보여줄래 이리 달라고 그래 가져가 내놔 근데 폰으로 이미 다 찍어놨는데 뭐? 비밀 지켜주는 대신 뭐해줄래?,0,1
2593,철수야 내일까지 3만 원 가져와라 나 이제 더 이상 부모님께 돈 못 받아. 그럼 몸으로 때우자 그만해. 제발 왜 이래 학교생활하기 싫어?? 내가 뭘잘못했다고.많이가져다줫잔아 넌 존재 자체가 거슬려 맞기 싫으면 돈 가져와 더 괴롭히면 신고할 거야. 해봐 그럼 죽여버릴 테니. 미안해 제발.,1,0
2604,제발 부탁드려요. 아직 돈을 준비 못 했어요 조금만 더 시간을 주세요 아니 이게 도대체 몇 번째야 내가 이번까지 준비 못 하면 찾아가서 죽여버린다 했지 요즘 경기 안 좋아서 장사가 잘 안돼요 조금만 연장해 주시면 안 될까요? 내가 장사 안되는 거까지 봐주면서 돈 받아야 하냐 그건 네 사정이고 5일 뒤에 돈 들어오는 게 있어요 제발요. 3일 네? 3일 준다고 그 안에 돈 만들어 가지고 와 감사합니다. 감사합니다. 3일 뒤에 안 가지고 오면 그땐 각오하는 게 좋을 거야,1,0
2612,야 너네 누나 이쁘더라? 어? 고마워 너네 누나 이뻐서 그러는데 나 좀 소개해 줘 우리 누나 남자에 관심 없어 웃기네 너 지금 나 소개 안 시켜주려고 그러냐? 그런 게 아니라 어제도 딱히 남자에 관심 없다고 그랬어 야 헛소리하지 말고 누나 번호나 찍어 안되는데 머리가 아스팔트랑 뽀뽀하고 나면 정신이 번쩍 들어서 그때 알려주려나? 아. 알겠어.,0,3
2630,해당 업체에 현수막 주문을 하려고 합니다. 주문을 하시려면 결제를 먼저 해주셔야 하십니다. 우리가 거기 거래 한 지 10년이 넘었는데 외상으로 안됩니까? 이건 회사 내 방침이라 죄송합니다. 아니 해당 업체가 이런 식이면 앞으로 거래는 여기서 못하죠? 회사 방침인데 왜 거래 이야기까지 나오십니까. 회사 방침이던 뭐든 단골한테 외상 한 번 해줄 수 있는 거죠. 저희가 외상으로 못 받은 돈들이 좀 있어서요. 죄송합니다. 누가 떼어먹는데요. 준다니깐요 나중에 알겠습니다.,1,3
2653,너 어머니가 00병원에 있다고 했지? 어머니는 건드리지 마 병원비는 병원비대로 드는데 돈은 없고 그치? 지금 밀린 병원비가 한두 푼이 아닐 텐데. 그딴 거 내가 알아서 해 네가 무슨 수로? 그냥 내가 시키는 대로만 해 그런 더러운 일 안 한다고 했잖아 너 지금 내가 부탁하는 거로 보이니? 너나 네 어머니나 아무도 모르게 없애는 거 일도 아니야. 돈은 서운하지 않게 줄 테니 생각 잘 해보라고,0,1
2659,뭐라고? 네가 뭔데? 뭐가요 너 나 누군지 몰라? 몰라요 그래? 너 잘 만났다 이리 와봐 제가 왜요 그냥 얼굴이 맘에 안 들어 네? 하 오늘 기분도 안 좋은데 너 잘 걸렸다 왜 그러세요,0,3
2680,너 혹시 내 물건 쓰니? 자꾸 없어져. 너 물건 쓴 적 없어. 무슨 소리야. 그래? 근데 냉장고에 사 둔 음료수도 자꾸 없어지는 걸 안 건드렸다니까? 이 집에 너랑 나밖에 안 사는 데 나 아님 너잖아. 네가 먹고 까먹었나 보지 왜 나한테 그래? 그럼 너 책상에 그 쓰레기 뭔데? 내가 사 먹은 거야 왜 이래? 그래 그렇게 시치미 떼 봐. 네가 앞으로 훔쳐 먹을 내 음식뿐 아니라 너 음식에도 뭐가 들어갈지 모르겠네 뭐? 지금 음식에 독이라도 타겠다는 거야? 못할 것도 없지,0,3
2694,머 해? 나 그것 좀 주라 응? 안돼. 이거 생인 선물로 받은 거야. 야 어차피 몰라 먹으면 없어지는 거 같이 먹자고 안돼. 생일선물이잖아. 좋은 말로 할 때 같이 먹자 어려운 것도 아닌데 이거 동생이랑 먹을 거였단 말이야. 머래 친구가 더 좋은 거 아님? 잘 먹을게 안돼,0,1
2698,음 이건 뭔가? 아 차장님 차량용 방향제입니다 귀엽고 이쁘고만 그렇죠? 여자친구가 유명한 곳에서 사 왔더라고요 그래? 여자친구가 이런 걸 잘 아나 보네 네 아기자기한 것도 좋아하고 그럼 차에 붙은 건 내가 가져가겠네 네?? 자네 여자친구는 이런 거 잘 안다고 하니까 또 사 오라고 해 이런 거 보면 우리 딸 생각나서 말이야 딸이 좋아하겠어 아. 안될 것 같은데. 여자친구한테는 오며 가며 흘렸다고 하면 되지 안 그런가? 세차하다가 떨쳤다든가,1,2
2706,나 준시 지금 할 일 없지? 아 지금 넘길 서류가 있는데. 빨리빨리 처리 안 하고 뭐 했어? 방금 받은 일이라서요. 됐고 그거 나중에 하고 지금 커피 좀 사 와봐. 지금이요? 응. 근데 내가 카드를 두고 왔네. 그럼 어떻게. 지금은 나 준시 카드 써. 내가 나중에 줄게. 며칠 전 것도 아직 안 주셨는데 나 지금 거짓말쟁이 취급하는 건가?,2,1
2709, 여보세요? 아 거기 3학년 4반 박정우 학생 어머니 맞으십니까? 네 그런데요? 안녕하세요. 정우 담임선생님입니다. 아 네 안녕하세요. 무슨 일이시죠? 정우가 무슨 사고라도 쳤나요? 아 그게 다름이 아니라. 정우가 학교에서 오늘 화장실에서 담배를 피우다가 적발이 됐습니다. 그래서 부모님께서 학교에 오셔야 할 것 같거든요. 아 정우 가요. 네 당장 이번 주에 정우 징계위원회를 열어야 해서요. 아. 네. 아니면 제가 잘 처리를 할 테니 성의를 보여주세요 정우 대학 입시도 이제 얼마 안 남았는데 징계위원회 열리면 어떻게 할지 걱정이 되네요. 아 네 알겠습니다.,1,3
2731,어이 박이 병이 이병 박. 이. 병 너는 새꺄 그냥 생긴 게 마음에 안 들어 알아? 이병 박. 이. 병 알아보겠습니다. 알아봤더니? 이병 박. 이. 병 마음에 안 들게 생긴 것 같습니다. 그걸 아는데 그래 새끼야? 위치로 위치로 넌 오늘 마음 들게 생길 때까지 형한테 맞는 거다 알겠지? 알겠습니다,3,0
2735,어서 서두르는 게 좋은 거야 저는 가진 게 없어요 그래? 이걸 보고도 그런 말이 나와? 엄마 그렇지 이렇게 나와야지 얼마면 되나요 아까 같은 말 하면 다시는 부모님 못 볼 거야 네 죄송합니다 얼른 서두르는 게 좋을 거야 빨리 조금만 시간을 더 주세요 흑,0,1
2739,왜 저를 자꾸 허위 고발하십니까? 아 그렇습니까? 죄송합니다. 제가 뭐 잘못했습니까? 그런가 봐요. 대체 뭡니까? 음. 글쎄요. 그만 괴롭히십시오. 죄송합니다. 사실인 줄 알았어요. 알고 있잖아요 연기하지 말고 그만하세요 생각해 볼게요.,2,3
2748,야 너 지금 아무것도 안 하지? 응. 여기 이거 줄 테니까 저기서 빵 좀 사와 100원짜리 빵이 어딨어. 그것도 못해? 그거 아닌데. 거스름돈 100원도 꼭 받아오고 알겠어. 앞으로는 말대꾸하지 말아라 알았으니까 손 내려 줘,1,3
2750,야 내가 오늘까지 돈 갖고 오랬지? 미안해. 엄마가 카드를 정지시켜서 어쩔 수가 없었어 장난하냐? 진짜야 믿어줘 그건 내 알 바 아니고. 돈이나 갖고 오라고 조금만 시간을 줘 일주일 내로 어떻게든 구해볼게 야 너 내가 만만하냐? 미. 미안해 내일. 내일까지 꼭 가져올게 아 진짜. 이 새끼 확 죽여버릴까? 미안해 야 너 하나 불구 만들거나 죽이는 건 일도 아니야. 잘 좀 하자.? 어? 응 미안해,1,0
2769,00아 나 이것 좀 빌려줘 어? 안돼 이거는 못 빌려줘 뭐? 너 뭐라고 했어? 못 빌려줘? 응. 미안. 이게 미쳤나 내놔 안돼. 그러지 마 안대에 그러지 마 뭐 하는 거야.? 뭐긴 뭐야 너 따라 하는 거잖아 놀리지 마.,3,1
2779,손님 이거는 가져가지면 안 돼요 전시용이에요 뭐라고? 나한테 한말이야? 네 손님 이건 가게 전시용품이에요 내가 돈 주고 이용했는데 이거 하나 못 가져가? 얼마나 한다고 죄송합니다 손님 하지만 이건 가게 재산이에요 지금 손님을 우습게 보냐 장사 그만하고 싶어? 죄송하지만 안됩니다 놔두고 가세요 너 내가 누군지 알아? 어디서 말대꾸야 자꾸 이러시면 곤란합니다 죄송하지만 놔두고 가세요 너 두고 보자 장사 접을 줄 알아 죄송합니다,3,1
2806,승인해 주십시오. 진행하던 사건 손 떼고 세미나 준비나 잘 해. 그럴 순 없는데요. 야 누가 지금 너랑 흥정하자 든? 죄송합니다. 하라면 해. 그분 막아야 합니다. 너 진짜. 말 안 들을래? 정말 찍히게 해줘? . 잘라내야 할 게 무엇인지 다시 검토해 주십시오. 꼴도 보기 싫으니까 나가.,2,0
2812,너희 부모님 장애인이라며? 넌 왜 이렇게 멀쩡하냐? 무슨 근거로 그런 말을 해? 소문이 그래 너도 부모님처럼 장애인 만들어줘? 시킨 일 다했잖아 왜 그러는 거야 그냥 네가 마음에 안 들어 그만 괴롭히면 안 될까? 안돼 내 스트레스가 풀릴 때까지 계속이야 신고할 거야 신고해 봐 어디 내가 너 가만히 안 둘 테니 언젠가 내가 가만히 안 둬,3,0
2815,운영 중인 블로그에 좋게 써 드릴 테니까 서비스 많이 주시면 안 돼요? 이미 배달 출발해서 어떻게 더 배달이 어려울 것 같습니다. 그럼 주문한 거 공짜로 주시면 안 돼요? 괜찮습니다. 아 그럼 블로그 나쁘게 써서 가게 망해도 된다 이거죠? 장사한지도 오래되었고 블로그 평가 하나하나에 일희일비하면서 장사할 생각은 없습니다. 블로그 힘이 얼마나 되는지 모르나 본데 나 이래 봬도 유명해요. 유명한 분이면 그만큼 격이 있게 행동을 하셔야죠. 내가 나 좋자고 이래요? 사장님도 좋은 거라고요. 괜찮습니다.,1,3
2844,내가 싯팔 영화 스포 하지 말랬지. 오징어 게임 아직 보지도 않았는데 비밀을 알아버렸어 싯팔롬아. 본 줄 알았지 웃어? 아 장난이지 이 식칼도 장난으로 보임? 아 다음부터는 안 한다고 다음은 없다. 슉. 슛슛. 슉. 슈슈가. 슉. 시팔로 미아. .,0,3
2849,민철아 어? 우리는 친구잖아 친구 좋은 게 뭐야? 글. 글쎄 서로 돕고 사는 게 친구 좋은 거잖아? 으응. 맞아 그렇지? 그건 어린이들도 아는 내용이잖아 어어. 내가 배가 고파서 그런데 가서 빵 좀 사다 줘라. 어?. 그럴게 돈은. 야 내가 지금까지 친구 좋다는 게 뭐라고 했어? 네가 네 돈으로 사 와야 진정한 친구지 안 그래?? 새끼가 멍청하게,1,3
2856,안녕하십니까 길동 전자입니다 야 사장 바꿔 고객님 무슨 일이십니까 바꾸라면 바꿔 말단이란 통화하기 싫어 고객님 저한테 무슨 말씀인지 해주시면 전달하겠습니다 고객센터에서 일하는 주제에 무슨 말이 많아 고객님 저에게 말씀해 주시면 자세히 답변드리겠습니다 네까짓것하고 말하기 싫다고 고객님 어떤 일 때문에 그러시나요 개 같은 경우가 다 있어,3,2
2860,이 정도는 서비스로 주셔야 하는 거 아니에요? 아 그건 서비스는 아닌데요 되게 불친절하시네요 네? 이거 인터넷에 올릴 거예요 네? 동네 장사인데 이렇게 하시면 안되죠 아니 저희도 먹고살아야죠 네 그럼 악플이 늘어나겠네요. 하이고,1,3
2866,어이 이쁜이 시간이 지났는데 약속을 안 지키네 네. 엄마가 아프셔서. 그래 엄마가 많이 아프시노? 네 병원에 입원하시고 있어요 그래도 씨발년야 네 의무는 해야지. 왜 돈은 안 가지고 오는 거야? 엉 드리려고 했는데 엄마가 갑자기 아프셔서. 이런 씨발 잡년이 있나? 잘 됐네 장기라도 팔어 조금만 봐주세요. 아저씨도 부모가 있잖아요. 야 잡소리 치우고 장기 팔아갖고 와 조금만 시간을 주세요,0,1
2874,야 그 옷 어디서 났냐? 어? 그런 옷 어디 앞에서 증정품으로 나눠 주는 거 아니냐? 아니 이거 산 거야. 이걸 돈 주고 샀다고? 돈 버렸네. 내가 좋아서 산 거야. 이런 걸 왜 사냐? 거지 같게. 난 좋은데. 당장 갔다 버려. 어디서 냄새나는 거 같아. 미안.,3,1
2880,야 현우야 이제 내 자리 돌려줘 싫어 인마 그거 네 게임 아니잖아 아니 이거 웃긴 놈이네 뭐라고 야 그럼 이 컴퓨터가 네 거냐 아니 그런 게 어딨어 돌려줘 돌려준다며 내가 언제 그랬어 증거 있어 녹음했냐 네가 그냥 나한테 이 게임 선물했잖아 뭐야 미쳤어? 꺼져라 야 그럼 나 그 게임 로그아웃이라도 할게 너 안되겠다. 이리 와.,3,1
2887,저기요 운전 그따위로 하실 거예요? 아니 저기요 당신이 일부러 차바퀴에 다리를 갖다 댄 거 다 봤습니다. 아니 이 사람아 우선은 사람 다리가 찍혔으면 사과부터 해야지 어디서 싹수없게 저기요 다친 건 안타깝지만 뭔가 고의적이었던 게 느껴져서요 혹시 합의금 때문에 그러신 건 아니 이 사람이 진짜 내가 그럴 사람으로 보여? 어디 법정까지 가봐? 죄송하지만 블랙박스 있거든요 한번 제대로 아니 그거 주세요 젊은 친구가 야비하게 일단 이건 부셔놓고 저기요 뭐 하시는 거예요 자 이제 법정에서 봅시다.,1,0
2924,친구야 우리 친구 맞지? 내가 너 다른 반 애들한테 쥐어터질 때 도와줬잖아 아 응 늘 고맙지 아 다름이 아니라 내일 도시락 싸오란 거 들었지? 응. 우리 엄마가 바쁜데 너네 어머니 국밥집 하신다며? 어? 어 그럼 잘 됐네 어머니한테 국밥 하나 포장해 주라고 해서 가져와 내 것도 응? 나도 엄마가 바빠서 사 먹는데 야 병신아 그냥 엄마 국밥 두 개만 포장해 주세요 사 먹기 싫어요 엄마 국밥 먹고 싶어요 하면 되잖아 내가 이렇게까지 알려줘야 해? 어?. 해볼게 나는 너 믿고 안 싸올 테니까 그렇게 알아 야 기왕이면 특대로 사와라,1,3
2936,어야 돼지 나.? 그래 여기 급식소에서 돼지가 너 빼고 더 있냐? 야 그 피자빵은 왜 들고 가냐 안 먹고 나. 나중에 먹으려고 돼지새꺄 형이 다이어트시켜줄게 다이어트.? 그래야 마 내놔 살 빼야 할 거 아니야 아. 아니 그건. 이리 줘. 뭘 이리 줘 살 빼 새꺄 형이 잘 먹을게,3,1
2938,너 지금 나보고 웃었냐? 네? 아니요?? 방금 나 보고 웃었잖아. 아니 카톡 보고 웃은 건데. 누굴 비에 다리 핫바지로 아나 정말입니다. 쩡 말입니다. 시비 거시는 겁니까. 대비 거시는 겁니까. 그래 시비 걸었다. 어쩔래. 어쩔 건데. 아 하지 마세요 폭행으로 고소할 겁니다.,3,0
2940,저 제 스타일이신데 번호 점 싫어요 아 존나 튕기네 싫다는데 왜 물어봐요 존나 비싸게 구네 비싸게 굴지 말고 전번 좀 주라 저 남자친구 있어서 한번 줄 수 없어요 그럼 친구라도 지내게 전화번호 좀 주세요 싫어요 왜 자꾸 전화번호 달라고 하세요 한번 줄 때까지 휴대폰 안 줄 거예요 한번 줄 테니까 휴대폰 주세요,3,1
2947,친구야. 나 할 말이 있어. 오랜만에 봤는데 왜 이리 진지모드냐? 고민 있어? 응. 야 이 자식아 친구 좋은 게 뭐냐. 얼른 불어. 보증 빼곤 다 도와줄라니까. 장난치는 거 아니야. 나. 네가 소중해서 말하는 거야. 뭔데? 봤어. 그날. 바다에서 걔 네가 죽였지.? 자수해 너 자신 있어? 응? 그게 무슨. 너희 부모님 속초에 계시지? 접때 같이 갔을 때 물 좋고 산 좋던데. 부모님 다시 뵙기 싫으면. 부탁한다. 친구야.,0,1
2969,야 너 이리 와 봐 초면에 다짜고짜 예의에 밥 말아 먹은 행동을 하시네요 뭐라고? 너도 다 무시하냐? 무시하냐고? 술에 취한 것 같은데 술 취했으면 곱게 가시죠? 뭐 나 같은 놈이 관심 가져줬는데 별것도 아닌 게 깝죽거리네? 얼굴 좀 반반한 건 인정하는데 이딴 식으로 꼬시는 건 무슨 개매 나? 아 존나 까칠한 척하네 이 미친년이 어디 맞아볼래? 악 도와주세요 너 같은 년은 맞아야 정신 차려 제발. 살려주세요,3,0
2979,네 형 장기 팔면 돈 좀 되겠는데? 안돼 우리 형 건들지 마 안돼 우리 형 건들지 마 머 정난하니? 제발 부탁이야 건들지 말아 줘 차라리 내 장기 가져가 왜 난 네 형께 더 좋은데? 우리 형 아프단 말이야 그러니까 제발 건들지 말고 내 거 가져가 아쉽네 네 형 죽이고 너도 죽여서 모든 장기 가져가려 그랬는데 네 형 거가 쓸모가 없어져 버렸네 그러니까 내 것만 가져가 그러면 돈 다 갚는 거잖아. 그러긴 하지 그래 그럼 네 거만 가져가면 되는 거지 그래 내 거 필요한 거 가져가,0,1
2992,언니 이것 좀 구경하고 가 아저 바쁜데요 아니 구경하는 데 얼마나 걸린다고 그래 우리 오늘 세일해 한번 봐봐. 아 진짜 바빠서 잠깐 보고만 갈게요 그래그래 잘 생각했어 어머 언니 옷이다 너무 이뻐 잘 어울려 이쁘긴 한데 제가 지금 급하게 어디 가는 데가 있어서 그럼 계산만 하고 가면 되잖아 그럼 보내줄게 네? 그냥 구경만 하고 가라고 언니 그 말 진짜 믿어?? 얼른 하나 사고가 안 그럼 안 보내준다,3,1
3001,야 찐따 응. 가서 빵 좀 사 와 지금? 그래. 우유도 같이 돈은? 네 돈으로 사 인마 지금 돈이 없는데 어쭈 죽을래 미안해.,3,1
3002,너 일로 와봐. 네. 너희 아까 손님들 앞에서 너희끼리 떠들면서 웃었니? 네??.아니요 아까 손님께서 말 거셔서 그냥 웃은 거예요. 여기가 어디라고 웃어 너희 일하러 왔지 놀러 왔니? 죄송합니다. 하여튼 가봐. 일이나 제대로 하면 말도 안 해 네 그럼 가 보겠습니다. 아 참 가서 식빵 4개 모닝롤 3개 단호박 빵 3개 가져와. 매니저님 죄송한데 다시 한번만 말씀해 주실 수 있으실까요? 하. 됐어 내가 할라니까 죄송합니다.,2,3
3011, 김 선생님 옷이 예쁘네요. 새로 사셨나 봐요? 아 감사합니다. 오늘은 수업 시간에 조는 남학생들이 없어서 수업이 잘 되겠어요. 네? 그래도 다른 걸로 학생들을 집중시켜야지 그래서야 되겠어요? 교감 선생님. 말씀이 좀 지나치십니다. 나야 보기 좋은데. 김 선생님이 걱정돼서 그러지요. 한참 예민할 나이들이잖아? 우리 애들이? 어떤 게 문젠지 정확히 말씀해 주시면 고치겠습니다. 치마 기장도 길고 몸에 붙는 옷도 아닌데요. 색이 야하잖아요 색이 빨간색이 뭡니까? 교사가 그런 시대착오적인 생각을 하시다뇨. 요즘 그렇게 생각하는 사람이 어디 있습니까? 쯧쯧. 교산리 학생인지 교산리 어디 종업원인지 알 수가 없다니까. 쯧쯧.,2,3
3021,그만 만나자 나 너무 지쳤어 나 미치는 꼴 보고 싶어서 그래? 내가 죽어야 네가 정신 차리지? 나 정말 너무 힘들어서 그래 그만하자 내가 잘못되면 다 너 때문인 줄 알아. 왜 그러는 거야. 내가 그냥 하는 말 같아? 나 지금 옥상이야. 거길 왜 갔어. 진정하고 내려와. 헤어지자는 말 취소해 지금 당장 죽어버리기 전에 말해. 알겠어 취소할게. 그러니까 옥상에서 내려와. 진작에 그랬어야지,1,0
3061,너 성형할 생각 없어? 응? 아니 그냥 눈코 만 고치면 이쁠 거 같아서 아 그래.? 응 얼굴형은 이쁜 거 같은데 눈코가 좀. 별로라 그렇게. 많이 이상해.? 응응 아 근데 그거 고친다고 엄청 이쁠 거 같지는 않고. 어? 그냥 봐줄 만한 정도? 근데 그거 알아? 나는 이쁜 애들이랑만 친구 하는 성격이라 아. 그렇구나,3,4
3105, 너 어제 왜 그랬어? 어제? 내가 뭘?? 아 눈치가 없는 거야 뻔뻔한 거야 너 때문에 쪽팔렸잖아 그래 넌 왜 그렇게 사냐? 어제 내가 술을 너무 많이 마셨나 봐. 미안해. 기억이 잘 안 나. 어제 무슨 일이 있었지.? 내 입으로 말하기 쪽팔려 너 술도 잘 마신다는 애가 진짜 기억이 안 나? 정말이야. 어제는 컨디션이 좀 안 좋아서. 네가 길동 오빠한테 어떻게 했는지 진짜 기억 안 나? 쪽팔려서 정말. 어이가 없어서 우리가 다 촬영해놨어. 너네 부모님 엄하시다며 이거 보면 무슨 기분이실까? 얘들아 내가 미안해 정말. 기억은 안 나는데 내가 크게 실수했나 봐. 부모님께는 연락드리지 말아 줘. 너 때문에 쪽팔리고 열받으니까 그럼 좀 맞자 새끼야 야 우리한테만 맞으면 안 되지. 오빠들도 불러서 같이 때리자. 그럼 정신 좀 차리겠지. 안 그래?,0,3
3131,김대리 스카프 샀어? 네네 너무 이쁘다 비싸 보여 월급 받은 기념으로 하나 샀어요 줘봐줘봐 네? 나도 어울리는지 해보게 네네? 말귀 못 알아먹어? 여기요 어머 나한테 너무 이쁘다 네. 김대리 내가 오늘만 사무실에서 하고 퇴근할 때 줄게 네?? 싫어?? 아니요.,1,2
3159,야 너 나한테 할 말 없어? 없는데 진짜 없어? 무슨 일 있어? 회사 취업했다며 아 응 한 턱 쏴야지 내가 왜? 나니까? 말대꾸하네 네가 사 먹어,3,1
3162, 좀 조용히 해주세요 여기가 놀이터입니까 애들이 휴일이라 좀 그런 걸 가지고 그러세요 밖에서 놀면 되는데 왜 집에서 그래요 밑에는 지진 나요 코로나 때문에 나가기 그래서 그러니 이웃끼리 이해 좀 지금 하루 이틀입니까 새벽에도 뛰는데 누가 이해해요 우리 애들이 잠이 별로 없어서 그래요 밖에서 에너지를 빼야 하는데 못 그러니 집에서 에너지 뺀다고 당신들이 사 오고 전 불면증에 우울증까지 와서 정신과 약 먹고 있어요 그 책임 질겁니까 그게 우리 때문이라는 증거 있나요 내가 돌아버리기 전에 집에 불내면 너희들은 어찌 될까 당신 제정신 아니군 제정신 아니니 정신과 다니지 이사 갈래 불 맛볼래,0,4
3163,땡땡씨 얼굴 너무 크지 않아? 맞아요. 큰 얼굴에 화장해놓고 자기가 이쁜 줄 안다니까. 호박에 줄 긁는다고 수박 되나. 그러게나 말이에요. 얼른 퇴직했으면 좋겠네. 저 얼굴 때문에 입맛 떨어져서 회사 나오기가 싫어. 저도요. 너무 공감되네요. 얼굴 큰 사람 보면 정말 토할 것 같다니까. 그 얼굴에 화장도 하고 다니니까 더 역겨워. 저도 땡땡씨 지나가면 안 보려고 고개 숙이고 지나간다니까요. 어휴 수고가 많네. 정말 빨리 없어졌으면 해요.,2,4
3192,손님 7천 원입니다 어머 내가 5천 원밖에 없는데 아네? 계좌 이제도 돼요 나이 든 늙은이가 그런 걸 어떻게 한대? 그럼 기다릴 테니 가져다주시겠어요 아니 진짜 사장이나 돼서 융통성이 너무 없네에? 그냥 5천 원만 받으라고 아. 저도 남는 거 없어요 손님. 남는 게 왜 없어 5천 원 버는 거잖아,3,1
3225,동생아? 너 내가 어제 설거지 해놓으라고 했지? 형 나 어제오늘 바쁘다고 말했잖아. 어쭈 그래서 안 하고 버틴다고? 이번만 형이 해주라 설거지 안 해두면 너 지난번에 성적표 숨긴 거 엄마께 말한다. 아. 그건 좀 아니지 그리고 저번에 오티 간다고 거짓말하고 클럽에서 밤새운 것도 다 말할 거야. 형 진짜이러 가야? 싫으면 해놓던가. 아. 하면 되잖아. 설거지,0,3
3241,야 너 어제 내 대신 동아리방 청소하랬지 아 맞다. 맞고 싶냐? 오늘 당장 해라 알았어. 야 동방에 라꾸라꾸도 없던데 하나 사다 놔 내 돈으로? 어. 그럼 내 돈이냐? 나 돈 없는데. 박 씨 너이다 뒷골목으로 따라와 알았어,3,1
3248,왜 쳐다봐? 네 제가요? 응 네가 나 쳐다봐서 나 지금 굉장히 심리적으로 불안해졌어 무슨 말씀이신지. 네가 나 쳐다봐서 나 지금 심리적으로도 불안해지고 손도 떨리고 그렇다고 전 안 쳐다봤어요 아니 내가 쳐다봤다면 본거지 자꾸 이상한 소리 해. 나랑 같이 경찰서랑 병원 가자. 보상받아야겠어 저기요. 전 당신 쳐다본 적도 없어요. 지금 내 떨리는 눈동자와 손 어떻게 해결할 거야? 뭘로 보상해 줄래? 죄송한데 저한테 왜 이러시는 거예요,1,0
3261,아니 직원들 월급을 그렇게 많이 가져가시면. 자네 불만 있으면 나가시게 그럼 노력의 대가를 정당하게 다 받고 나가겠습니다. 싫다면 아니 사장님 원래 절이 싫으면 중이 떠나는 거야 사장님 여긴 절이 아니라 직장이잖아요 그래서 뺏어간 돈 저희 것이기도 해요 애초에 내 회사 아니었다면 그 돈도 못 만들었어 경호팀 이 자식들 끌어내,1,2
3269,을 너 잠깐 이리 와봐. 왜 그러는데? 왜긴 우리 을이 너무 이쁘니까. 미안 내가 잘못했어. 한 번만 봐줘. 미안? 네가 뭐를 잘못했는데? 아냐 하루만 더 시간을 줘. 시간? 야 나랑 장난하냐? 잔말 말고 벗어. 벗으라고? 뭐를? 좋아 보이네. 그것도 푸르고. 안돼 나는 뭐 입으라고? 그건 네 사정이고. 빨리 안 벗어? 쌍,1,3
3275,우리 헤어져. 뭐? 왜 갑자기 그런 소리를 해? 너 너무 집착이 심해. 못 견디겠어. 내가 언제 그랬는데? 오히려 믿음 안 준 건 너잖아. 그래. 다 내 잘못이니까 헤어지자. 야. 생각을 하고 얘기를 해. 너 나랑 쉽게 헤어질 수 있을 것 같아? 이젠 협박까지 하시겠다? 너 내 핸드폰에 너 관련된 거 엄청 많아. 안 무섭냐? 무슨 얘기 하는 거야. 넌 나랑 헤어지는 순간 인터넷에 다 공개해버릴 거라고. 그러니까 나랑 계속 만나는 게 좋을 거야?,1,0
3321,행복을 드리는 콜센터입니다. 무엇을 도와드릴까요? 아가씨 이름 뭐예요? 필요하신 게 있다면 도와드리겠습니다. 무슨 일이신가요? 아가씨 오늘 끝나고 내가 데리러 갈까? 어디 살아요? 상담원의 개인정보는 알려드릴 수가 없습니다. 뭐라고? 너 말 다 했어? 말씀을 가려 해주시길 부탁드립니다. 야 이년아 너 지금 내가 찾아간다. 상담원을 향한 언어 폭행은 처벌의 대상이 됩니다. 고객님 제발 멈춰주세요. 멈추는 건 내 맘이고 지금 당장 간다 딱 기다려. 경찰 부르겠습니다,3,0
3347,빨리 돈 구해와. 저 정말 돈 나올 데가 없어요. 제발요. 너네 부모님 가게 정리한 돈 어제 들어왔잖아. 그건 저희 부모님이 30년 동안. 됐고 여기서 약하다가 죽는 걸로 인생 마감하고 싶어? 차라리 제가 벌어서 매달 갚을게요. 네가 벌어서 갚을 수 있는 돈이 아니야. 그냥 자살한 걸로 네 인생 끝내자. 아니에요. 일단 연락을. 지금 당장 입금하라고 해. 네 부모도 자식 죽는 것보다 평생 번 돈으로 자식 살리는 게 더 나을 거야. 대신 부모님은 절대 건드리지 말아 주세요.,0,1
3370,야 돈 있냐?? 없는데 나 오늘 너 매점에서 봤는데 매점에서 다 썼어 잔돈 있을 거 아냐 뒤져서 너 나오면 어쩔래 진짜 없다니까. 주머니에 이건 종이 쪼가리냐? 구라 치네 이 새끼 어 몰랐어. 입만 열면 구라지 이 새끼는,0,1
3391,애니까 뛰지 그럼 애를 묶어 놓을까요? 뜨거운 음식을 나르는데 위험해서요. 사고 날 뻔했습니다 그러니까 서빙할 때 잘 보고 다녀야죠 우리애 다쳤으면 어떡할 뻔했어요 죄송합니다. 애가 갑자기 튀어나와서. 그래서 우리 애가 잘 못 했다는 거예요? 아니요. 아니 여기 직원들 관리를 어떻게 시키는 거야 죄송합니다. 조심 좀 해주세요 아들 공부 안 하면 저렇게 아저씨처럼 이런 곳에서 일하는 거야 저 아저씨처럼 되기 싫으면 공부 열심히 하자 네,3,2
3393,네가 그러고도 학교생활 잘할 수 있을 것 같았어? 이러지 마 진짜 좀 봐줬더니 너무 까불어. 거슬리게 하지 말라고 어쩔 건데 하지 말라고 경찰에 신고할 거야 우와 너무 무섭다 네가 그러는 거 하나도 안 무서우니까 내가 하라는 대로 해. 싫다면 어쩔 거야? 때릴 거야? 진짜 자꾸 기어오르네 확 씨 아아악,0,3
3407,보고서 언제까지 쓰라고 했지? 이번 주 금요일까지 쓰라고 했습니다. 지금 치매 초기 증상인 건가? 예? 무슨 말씀이신지. 분명히 지난주에 팀장님이 이번 주 금요일까지 보고서 가져오라고 하셨는데요. 옥상 가서 기합 좀 받아봐야 정신 차리겠어? 내가 언제 그렇게 말했지? 죄송합니다. 제가 잘못 들은 게 맞는 것 같습니다. 이 자식이 지금 나한테 장난치나? 한입 가지고 두말 하나? 정말 죄송합니다. 제가 실언했습니다. 그 혓바닥을 뽑아버려야 정신 차리고 일하겠어? 게으른 놈이 어디서 자꾸 말 바꾸고 핑계야? 정말 죄송합니다. 다시는 핑계 대지 않겠습니다.,0,2
3416,야 내가 한 짓거리인데 그냥 네가 한걸로 해라 아니 너무하신 거 아니에요 제가 한 짓도 아닌데 제가 돈을 물어내라니 너 죽고 싶니? 돈만 손해 배상해 아니 이건 너무하잖아요 너 진짜 죽고 싶구나 나 원 참 돈도 뜯기고 명예도 더럽히고 그래 목숨하고 비교를 해봐 어떤 게 더 소중한지 죄송해요 살려주세요 그럼 손해 배상하기로 한 거다 네,1,0
3431,너 언제부터 휠체어 타고 다녔냐? 나 어려서부터 그럼 네 부모님이 너 그렇게 태어나게 한 거야? 몰라. 네 부모님도 다리 못쓰시니? 아니야. 제발 그만해. 넘어뜨려 버리기 으악 언제까지 이렇게 살 거야 혼자 일어날 수 있어야지 으흑. 제발. 살려줘.,3,0
3446,아 나와봐 어 여기 내 자린데. 아 잠깐만 나오라고 응. 너 옆에 계속 서있을 거야? 신경 쓰이니까 좀 어디 가있어 응. 근데 그 공책 내 건데. 야 내가 가진 댔냐? 잠깐 쓰는 거야 아. 응. 야 펜 좀 여기. 돌려줘야 해 어 알았어,3,1
3454,야 너는 시키는 대로 하는 걸 못하냐 수정하겠습니다 또 말해줘야 돼? 한번 말하면 말귀를 알아 처먹어야 될 거 아냐 죄송합니다 한 번만 더 말씀해 주시면 감사하겠습니다 등신 새끼 네가 대체 제대로 하는 게 뭐냐 이번엔 똑바로 해오겠습니다 멍청해가지고 생긴 대로 논다 그러니까 애인이 없지 죄송합니다. 이만큼 일을 했으면 욕 안 먹게 행동하란 말이야 다시 해와 다시 제대로 해오겠습니다,2,0
3490,죄송하지만 부탁인데 마스크 좀 써주세요 네가 뭔데 마스크 쓰라 말아야 공공장소에서 마스크도 안 쓰시는데 본인 때문에 다른 사람들 코로나 감염이라도 되면 배상하실 겁니까 내가 왜 배상해야 하는데 마스크 쓰는 거 답답해서 못쓰겠다 마스크 쓰지 않으시면 신고하겠습니다 뭐 신고? 신고해 봐 신고하면 가만히 안 둘 거야 마스크 쓰기를 거부하시니 신고하겠습니다 신고해 봐 어차피 벌금 몇 푼 내면 끝이야 신고할 테면 신고해 봐 좋은 말로 알 때 마스크 써주세요 싫은데 내가 왜 써야 되냐 신고할 거면 빨리 신고해 뜸 들이지 말고,3,1
3501,저 사람 약간 장애 있는 거 같지 않아? 누구? 아 저 팀장님 약간 틱장애있늠것 같아 말할 때도 얼굴 이상하지 않아? 그런가? 가만히 있어도 저러더라 말할 때도 이에 건 이렇게 엄청 더듬고 맞아 나도 느꼈어 어디 불편하신 줄 날았늠데 틱장애 맞나 보네 어쩐지 좀생이 같더라 약간 속이 좁아 보여 장애 있으니까 괜히 우리한테 저러나 봐,3,4
3504,야 너 저요.? 그래 일로와 바 네. 왜 선배 보고 인사 안 하지? 죄송합니다. 내가 약해 보이는구나 한번 혼 좀 나볼까? 니요. 죄송합니다 죄송하면 다야? 재수가 없으려니까 내가 171로 애새끼들 녹다운 시킨 사람이야 너도 두개골 깨지고 싶냐? 죄송합니다 선배님,0,2
3515,빨리 은행 비밀번호를 알려라. 안됩니다. 은행 비밀번호는 알려줄 수 없습니다 머라고? 내가 장난하는 거 같나? 알려주지 않으면 이 칼로 너를 죽여버리겠다 제발 살려주십시오. 은행에 저의 어머니 수술비가 들어있습니다. 안됩니다 내가 그런 사정 봐줄 거 같나? 어서 빨리 말해라 다시 한번만 생각해 주십시오. 이게 없으면 저희 어머니는 수술받지 못해 죽습니다. 그렇다면 네가 대신 죽으면 되겠군. 빨리 말해라 아니면 죽여버리겠다 살려주십시오. 제발 살려주세요 빨리 말해라 두 번 말하게 하지 마라 여기 있습니다. 저희 어머니 수술비입니다. 제발 돌려주십시오,1,0
3547, 그래도 민정이 정도면 바르게 잘 컸지 고마워 예지야. 엄마 없이 자라서 얼마나 고생이 많았겠어 하하. 그렇지 어릴 때는 엄마 일찍 돌아가신 게 참. 힘들었는데 그래도 그때를 계기로 더 열심히 한 것 같아. 지금이야 그렇게 긍정적이 지난 너였으면 세상 살기 정말 싫었을 거야. 엄마도 없는데 어디 편히 다니지도 못하고. 그렇지? 그만해 예지야. 좋은 날 그런 얘기를 왜 해. 다들 오랜만에 봐서 다 좋다. 그러게. 다들 잘 지냈어? 난 이번에 엄마 친구분들이랑 여행 보내드렸어 참 여행 비용 장난 아니더라. 넉넉하게 용돈 드리고 하니까 하하 예지 어머님은 좋으셨겠다. 난 네가 부럽다야. 엄마 여행 보낸다고 용돈 드릴 것도 없어서,3,4
3558,세면대에서 코 좀 풀지 마 나오는 걸 어떡해 휴지에 안 풀고 일부러 세면대에서 있는 힘껏 풀지 말라고 내 마음이야 배수구 청소해 보면 샤워기 물 틀어도 안 씻겨 배수관 막혀서 역류하면 어쩔 건데? 다른 사람 고생시키지 말고 시키는 대로 해 편하게 살자 스트레스받아 계속 비협조적이면 나 못 참아 못 참으면 어쩔 건데 접골원에 가서도 뼈 못 맞추게 두들겨 팰 거야,0,4
3563,너 이 자세는 할 줄 알아? .야. 왜 그래. 아니 너 몸 진짜 못 움직이나 한번 보게 너 진짜. 아 진짜 못하나?? 푸하하 쌤통이다 너 못 움직이니까 답답해뒤지겠지?? . 하지 마라. 쯧쯧 진짜 부모님 고생시키지 말고 그냥 죽어 나 같음 죽었다 부모님. 은 건들지 마라. 왜 때리고 싶냐 때려봐때려 봐. 야 이 사람도 못한 놈,3,0
3571,여기. 희수야. 하나. 둘.? 내가 분명 삼만 원 모아오라고 안 했어? 아니. 그게. 계속 모았는데. 하루 종일 겨우 이거 모았다고? 장난하냐? 그게 아니라. 애들도 이제 더. 돈도 없다고 하고. 내가 예진 언니 생일이라고 선물 사야 된다고 했지? 삼만 원 모아오라고. 더 이상은 무리여서. 무슨 수를 써서라도 모아왔어야지 안 그래? 미안해. 그렇지만 정말 더는 안 모아져서. 야 그럼 몸으로 때울래??,3,1
3580, 강진아 형이 이번에 부업 하나 하려고 하는데 좀 도와줄래? 어떤 일인데요? 형? 이제 겨울이고 해서 붕어빵 장사 좀 해보려고 하거든 아 괜찮죠 형같이 장사하자고요? 아니 형이 자금은 대줄 테니까 네가 좀 해라 알바라고 생각하면 되나요? 그래 그렇게 생각하고 잘 운영해 봐 형 근데 제 월급이나 시급 이런 건 어떻게 돼요? 하루 매출의 10퍼센트씩 일급으로 줄게 10퍼센트요? 그건 좀 너무한 거 아니에요? 뭐가 너무해 넌 땡전 한 푼 보태지도 않고 하는 건데 차라리 그럼 저도 다른데 가서 정상적으로 아르바이트하죠 뭐? 이게 비정상이라는 거냐? 형이 하라면 해 노동착취도 아니고 그건 좀 아닌 것 같아요 형 못하겠어요 장난하냐? 너 학교 다닐 때 형이 얼마나 많이 챙겨줬냐 아니 그 얘길 왜 꺼내요? 그니까 그냥 하라고 못해요 형 정말 배은망덕한 새끼네 닥치고 해라 저도 돈 벌어야죠 벌게 해준다잖아 아 그 조건에는 절대 못해요 그래? 그럼 너 이 동네에서 절대 못 돌아다니게 해줄게 아니 형 왜 그래요? 어린애도 아니고 꺼져라 두고 봐라 너,3,1
3583,어이 이병 길동이 가서 단가 몇 개 갖고 와라 잘못 들었습니다? 아 씨바 단가 몇 개 가지고 오라고 단가가 뭔지 잘 모르겠습니다 모르면 군 생활 끝나나? 아닙니다 너 앞으로 찐따다 알았냐? 찐따로 관등성명 대라 네 알겠습니다,3,2
3609,야 옆 반에 걔 봤냐? 어제 전학 온에?? 어 걸어 다니면서 맨날 얼굴 툭툭 튀는 것처럼 흔들던데? 그니까 그거 겁나 웃기지 않냐? 뒤에서 보고 있으면 겁나 웃겨 다음에 옆에서 놀래봐 그럼 반응도 겁나 웃겨 어 다음에 해봐야겠다 그리고 뭔가 옆에 가면 냄새도 좀 나는 거 같지 않냐? 냄새? 그건 잘 모르겠던데. 그래서 걔네 방 애들도 잘 안 다가가는 거잖아 아 그런 거였어?,3,4
3622,김 사장 빌려 간 돈 언제 줄 거야? 약속 날짜는 이번 주 주말 아닙니까 그렇긴 한데 내가 돈이 좀 급해서 당장 줬으면 좋겠어 아니 왜 그러십니까. 지금 당장 없어요 그러면 다른 거로 줘 기왕이면 눈동자 한일 어때 왜 그러세요. 제발요 눈동자 하나면 나도 많이 탕감해 줄 수 있는데 왜 싫어? 제발요. 눈 병신은 되기 싫은가 보네 당장. 돈 가져올 수 있겠어? 어떻게든 마련해 보겠습니다. 이제야 말이 통하네,0,1
3630,야 봐봐 손 하나가 없냐? 왜 그래 태어날 때부터 없었어 장애인 새끼 그러지 마 나 힘들어 많이. 사회에 도움이 되지도 않는데 죽어버려 너 신고할 거야 그러지 마 해봐 병신아 줘 패버린다 흑흑. 하여간 장애인들은 같이 살 수가 없다 힘들다 인생 살기.,3,0
3636,여보세요. 여보세요. 누구시죠? 네. 좀 전에 주차하시면서 차로 저 치셨는데. 네? 무슨 말씀이시죠? 사이드미러로 제 팔 박으시고 내빼셨잖아요. 제가요? 제가 그럼 거짓말하겠습니까? 블랙박스 확인해 보세요. 아. 바로 확인해서 전화드릴게요. 이 사람이 경우가 안 됐네. 사람이 다쳤는데 사과를 먼저 해야지. 아 죄송합니다. 이제 와서? 당신 뺑소니로 바로 신고하려다가 내가 봐준 건데 안 되겠구먼. 지금 팔 깁스할 정도로 쑤시는데 쉽게 합의 안 봐줄 테니까 각오해.,1,0
3648,선생님 이번에 수학여행 좀 저 대신 다녀와주세요 수학여행이요? 선생님 반이요? 네 갑자기 왜요? 아 제가 몸이 좀 안 좋을 것 같아서 부탁 좀 드릴게요 그래도 별다른 이유도 없는데 제가 가는 것도 안 좋아 보일 것 같아요 선생님 곧 계약 끝나시지 않으세요? 여기 이사장 우리 외삼촌인 거 아시죠? 아. 네 이번 수학여행만 잘 다녀오시면 제가 말씀 좀 드려볼게요 외삼촌이 저 이뻐하시거든요 애들 데리고 수학여행 갈 생각하니까 벌써부터 두통이 와서 잠이 안 와 피부가 푸석푸석해지더라고요 네.,2,3
3654,너 나랑 헤어지면 이거 네 주변 사람들한테 다 돌린다 이게 뭐야? 이게 뭐긴 우리 사랑의 증거자 이런 걸 언제 찍은 거야? 그게 중요해? 동의 없이 찍으면 범죄야 왜 그래 우리 좋았던 시간을 남긴 건데 이러지 말자 우리 깨끗하게 정리하자 나는 깨끗하게 정리가 안되는데 헤어지는 순간 나 이거 너네 부모님 동생 직장 사람들한테 다 뿌릴 거야 좋은 구경시켜주겠네? 제발 그러지 마.,3,1
3679,내 말 좀 믿어봐 네 말을 어떻게 믿니 지금까지 이렇게 해왔잖아 뭘 어떻게 했는데? 그러지 말고 제발 난 절대 널 도울 수가 없어 나한테 왜 그러는 거야 이제 네가 알아서 하도록 해 네가 믿어줘야 내가 걔네들 무리 애들한테 안 맞아 내 알 바 아닌데? 난 걔네가 더 좋아,3,0
3683,야 저 쟤임 뭐가? 그 살인자 아들 있잖아 리얼? 관상 보소 딱 그렇게 생겼네. 진심 인정 야야 들었나 봐. 칼로 찌르는 거 아님? 찌르라 해. 2대째 살인자네 그럼? 미친놈아 들려. 들으면 자기가 어쩔 거임 맞는 말이긴 함,3,0
3689,언니 죽었으면 좋겠어요 네 무슨 일이시죠 어 확인하시네요? 네 근데 무슨 일이세요 왜 악플을 보내세요 악플? 그냥 제 생각인데 뭐가 악플인가요? 사람한테 죽으라는 게 악플 아닌가요? 그냥 제 생각이에요. 어쩌겠어요 진짜 앞으로 그러지 마세요. 그리고 왜 저한테 죽으라고 하세요?에 안 보였으면 좋겠어요. 인스타도 그만하세요 제발. 제가 왜 그래야 되죠? 마음에 안 드니까요? 언니 얼굴 보기 싫어요 제발 사라져주세요 그만해주세요.,3,0
3703,야 네? 너 몇 학번인데 인사를 안 해? 죄송합니다. 못 봤어요. 어쭈?? 기강 빠진 거 보소 아닙니다. 대답 말고 바로 고개 숙여 인사해야지 선배가 말하면 죄 죄송합니다. 어휴 너네 학번의 미래가 갑갑하다 죄송합니다.,3,2
3707,조용히 해. 고개 돌리지 마. 네 뒤에 닿은 거 칼이거든? 생각 잘해. 누구세요? 묻지 마. 묻는 말에 네 아니요로만 말해. 네. 지금 집에 아무도 없지? 네. 집 비밀번호마저 입력해. 빨리. 네. 잘했어. 집에 돈 될만한 거 다 찾아. 그럼 목숨은 살려줄게. 네. 경찰에 알릴 생각은 하지 마. 신분증 찍어뒀고 네 사는 곳 일하는 곳 다 봐뒀어. 니코 네 가족이고 다 죽는 거야. 알겠지? 네.,1,0
3725,학생 길가에서 담배를 피우면 어떡해? 아저씨가 뭔데요? 그냥 지나가다가 연기가 너무 심하니깐 그렇지. 그냥 가던 길 가세요 죽기 싫으면. 학생 참 말하는 싹수가 없구먼 아저씨 제가 싹수가 있든 없든 죽기 싫으면 갈 길 가시라고요. 넌 부모님도 안 계시냐? 없는데 어쩌라고? 부모가 밥 먹여줘? 담배를 사줘? 아휴 요즘 젊은 것들이란. 저 노인이 뒤져보려고 환장했나?,0,3
3728,친구야 이따 시험 때 답 좀 슬쩍 보여주라. 그건 어려울 것 같은데. 와. 친구 사이에 이러기냐? 미안. 걸리면 0점이잖아. 그러면 너 지난번에 과제 내 거 베껴서 제출한 거 내가 조교님께 말한다? 아니 그건 지난 일인데 왜 이제 와서 말해. 지금이라도 말하면 너 점수 깎일걸? 생각 잘해라. 하. 그래도 시험 커닝은 좀. 그래 그럼 나는 지금 조교님한테 간다. 알았어 보여주면 되잖아.,0,3
3738,다 손들고 가만히 있어 이봐요 지금 뭐 하시는 겁니까 나 지금 제정신 아니니까 잔 말 말고 여기에 돈 담아 손님들도 계신데 이러시면 곤란합니다 내가 지금 장난하는 걸로 보여 빨리 담아 네네 알겠으니 이러지 마시고 조금만 시간을 경찰에 신고할 생각 말고 네네 알겠습니다 진정하세요 제발 빨리빨리 안 담으면 너고 손님이고 죽일 줄 알아라 다 돼갑니다 제발 기다리세요,1,0
3740, 파일 잘 숨겼지? 예 그럼요. 경찰들 찾기 어려울 겁니다 그래. 어디에 숨겼어? 하하 그걸 말하면 안 되죠. 위에서 저만 알고 있으라는 지시가 있었는데요 쓸 이 사람아 내가 알아야 비상시에 협조를 할 거 아닌가. 이상하십니다? 윗선에서 내려온 지신데 따르시지 않고. 혹시 켕기는 거 있으십니까? 난 말이야 알아도 모른 척 모르면 더 모른척하는 사람 좋아해. 승진에 관심이 없나 봐? 예? 이번 승진 내 입김 센 거 알지? 특히 내 평가로 승진 여부 갈릴 수 있다는 거 아나? 아. 그럼 제가 알려드린 거 아닙니다. 전 모르는 일이에요. 그래 알겠어 이번에 승진 기대해,1,2
3743,야 뭘 봐 저 아무것도 안 했는데요? 왜 꼴아보냐고? 왜 그러세요? 네가 나 꼴아봤잖나? 죽고 싶냐? 뭔가 오해가 있으시네요 오해든 뭐든 괜히 쳐다보고 심기를 건드려? 그렇다면 죄송합니다 재수 없는 새끼 말이 좀 심하시네요,3,0
3760,너 쉬는 시간에 공부하냐 응. 모범생인 척하지 마. 아니야. 이제는 겸손한 척하네 됐고 매점에서 빵이나 사 와. 그걸 왜 나한테 그래. 뭐? 해보자는 거냐? 그런 거지? 그치? 아니야. 그럼 빵 값은? 그건 내 알 바 아니지? 알았어.,1,3
3776,아 사장님 음식에서 이물질이 너 왔어요? 네? 그럴 리가 없는데 아니 사과는 못할망정 뭐라고요? 일단 죄송합니다. 그런데 조리 과정에서 이물질이 발생할 일이 없어서요. 이게 지금 사과하는 태도입니까? 다시 한번 사과드립니다. 음식은 다시 해드리겠습니다. 지금 나 보고 여기서 계속 음식을 먹으라는 거예요? 그냥 환불해 주고 정신적 보상까지 해주셔야겠어요. 죄송하지만 그건 좀. 뭐 이런 데가 다 있어? 리뷰에 내가 지금 일 다 올리고 구청에도 신고할 거야 장사 못하게 될 줄 알아 죄송합니다. 제발 그것만은.,1,3
3793, 지영 씨 혹시 남길 씨와 바람났어요? 무슨 소리죠? 아니 제가 남길 씨 좋아하는 거 알면서 어떻게 그럴 수 있죠? 제 친구가 지영 씨와 남길 씨가 모텔에서 나온 걸 봤다고 들었어요. 저는 그런 적 없어요. 여기 보세요. 사진. 제 지인이 찍어서 보내줬어요. 지영 씨는 유부녀잖아요. 그래서요? 제 남편한테 이야기하려고요? 남길 씨 제 남자예요. 그런데 어떻게 그럴 수 있죠? 당신 남편에게 알려야겠어요. 아니 우리 직장 사람들 다 알아야 해. 그 앞에서 만나서 온 거예요. 소문내려면 내봐요. 제 사생활 소문내면 당신 가만 안 두겠어요. 꼬리가 길면 밟혀요. 이것 말 거도 카톡 증거도 있어요. 내가 이럴 줄 알고 당신 핸드폰에서 캡처했어요. 보세요. 당신 내 사생활 침해야. 가만 안 둬 그래 가보자. 네 남편 네 직장에 다 소문내고 누가 이기나 보자.,1,0
3798,돈 가져다 이 가방에 담아 네네 허튼짓 하면 너도 죽고 나도 죽을 줄 알아. 네 여기 있습니다 저 뒤에 금고 열어 금고 열쇠가 저에게 없습니다 받아서 빨리 열어 아 네네 부장님 열쇠 좀. 빨리빨리 열어서 가져다 담고 너도 엎드려 네네 여기 있습니다 살려 주세요,0,1
3801,책임자 바꿔. 아 고객님 저한테 말씀하시면. 네가 뭘 안다고 그래? 고객님 일단 말씀해 주시면 잔말 말고 책임자 바꿔. 고객님 문제점을 말씀해 주셔야 아 너 같은 말단하고는 말하기 싫다니까 문제점을 먼저 말씀하지 않으시면 저도 방법이 없습니다. 뭐라고. 넌 고객은 왕이란 말도 몰라. 그런 게 아니고 아니긴 뭐가 아냐. 당장 책임자 바꿔.,3,2
3816,야 이것 좀 빌리자 안돼. 전에 가져갔던 무선이어폰도 안 주고 있잖아 그건 내가 쓰고 있는데 고장 나면 줄게 걱정 마 너 자꾸 이럼 신고할 거야 친구끼리 왜 이래 잠시 빌려 쓰는데 빌리는 거냐 가져가서 안주는 거지 너 맞은 지 좀 된 것 같다 좀 이따 볼까 우리 난 예전에 내가 아니야 인터넷에 네가 했던 나쁜 짓 다 올려버려서 널 폭로할 거야 야야 장난이야 뭘 그리 겁을 먹냐 이어폰 가져가 소리 잘 나오네 비싼 게 역시 달라,3,1
3830, 나랑 재밌는 놀이를 하는 거야. 진우야. 왜. 왜 이래. 네가 오늘 내 시험지만 대신 풀어줬어도 엄마한테 안 혼났을 텐데. 하하 그. 그렇지만 나도 해줄 수 없는. 상황이었어. 선생님이 너무 지켜보고 계셔서. 그래. 나도 알아. 그래서 놀이를 하자는 거야. 여기 물 두 잔이 있지? 둘 중에 하나는 마시면 쥐도 새도 모르게 영원히 잠드는 약이야. 어.? 그게 무슨. 너 때문에 혼났으니까 네가 기분을 풀어줘야 할 거 아니야 재밌게 말이야. 농담이지. 응.? 내가. 저걸 마시면. 죽는다는 거잖아. 농담? 내가 이 약을 구하는데 얼마나 힘들었다고 다행이지. 과학 수업에 필요하다니까 금방 구해지더라고. 빨리 마셔. 그냥 뒤지기 싫으면. 싫어. 내. 내가 왜. 이걸 마셔야 해. 하나는 그냥 물일뿐이야 반반이잖아? 넌 공부도 잘하고 똑똑하니까 물 정도는 구별할 수 있지? 얼른 마시라고,0,3
3864,미안한데 내가 너 물건을 부쉈어 왜 어떻게 하다 부셨는데 가지고 놀다가 부셨어 내일까지 사와 나 돈이 없는데 미안 내일까지 안 사 오면 내가 네 가장 아끼는 물건 부술 게 안돼 이건 내가 가장 아끼는 거야 안 그러면 사 오시든지 어쨌든 내일까지 똑같은 거로 사와 안 그러면 부실게,3,1
3871,아이고 동네 사람들 며느리가 시어머니 잡네 잡아 어머니 정말 왜 그러세요? 나 약 먹는다 그 약이 독약인지 내가 어떻게 아냐 이 약 안 먹으면 증상이 더 안 좋아져요 나는 멀쩡하다 어머니 제발요 어머니 때문에 온 가족이 힘들어요 아이고 이년이 이제 나 죽으라고 제사 지내네 어머니 왜 그러세요 제발 정신 차리세요 동네 사람들 며느리가 시어머니 약 먹여 죽여요 죽여 그런 거 아니에요 제발,3,0
3874,내일까지 해결하는 게 좋을 거야 불가능합니다. 시간이 너무 촉박해요 촉박이라. 하루 만에 해결할 수 있는 일이 아닙니다. 과연 그럴까? 아시지 않습니까? 직원들이 모두 퇴근해야 가능하다는걸. 그러니 신속하게 해야지. 안 그래? 하지만. . 처리가 안되면 말이야. 네가 태어나면서 가지고 있어 당연하다고 생각한 생명의 소중함을 새삼 느끼게 해 주지. 네.,0,2
3884,너 이 자세는 할 줄 알아? .야. 왜 그래. 아니 너 몸 진짜 못 움직이나 한번 보게 너 진짜. 아 진짜 못하나?? 푸하하 쌤통이다 너 못 움직이니까 답답해뒤지겠지?? . 하지 마라. 쯧쯧 진짜 부모님 고생시키지 말고 그냥 죽어 나 같음 죽었다 부모님. 은 건들지 마라. 왜 때리고 싶냐 때려봐때려 봐. 야 이 사람도 못한 놈,3,0
3886,신입 환영회 회식하니까 얼마나 좋아 감사합니다 환영회 해주셔서 아니야 아니야 근데 남자친구는 있나 아니요 없어요 아 구래 그럼 사귄 남자친구는 몇 명 정도야? 아한 3번 어머 생각보다 연애를 많이 안 해봤네 그럼 최근에 언제 만난 사람은 얼마나 만났어? 아 1년 정도 얼마 안 사귀었네? 그 사람은 뭐 하는 사람인데? 아 그냥 직장인이요 그럼 제일 오래 만난 건 언제 만났을 때야? 이제 그만 물어보시면 안 될까요? 어머 왜 그렇게 예민해 장난이잖아 장난 아,2,4
3930,저번에 말한 물건들 준비됐어? 아니 선생님. 시간을 조금만 더 주세요. 저번에도 그랬잖아. 이번엔 그냥 안 넘어가 그리고 원래 300개만 준비해달라 하셨는데 300개를 더 요구하시는 건 좀 과하지 않습니까. 그래? 진짜 과한 게 뭔지 보여줄까? 죄송합니다. 너나 네 와이프나 자식들 장기라도 팔아서 준비해. 예.? 왜. 직접 해줘? 오늘까지 꼭 갚겠습니다.,0,1
3950, 오랜만이네요. 당신이의 수술을 집도하셨던데 수술은 잘 됐습니다. 일시적인 쇼크니 곧 깨어날 겁니다 이 사람 깨어나면 병원에서의 모든 행적 나한테 다 보고해요 네? 그게 무슨 말씀이신지. 제가 왜 그래야 하는 거죠.? 그냥 당신은 내가 시키는 일만 잘 하면 됩니다. 이 돈이면 당신이 불평 없이 할 거라고 생각해요 난. 허브 이렇게 큰돈을. 그럼요 맡겨만 주십시오 대신 이 사실을 그 자가 알게 되는 날엔 당신은 물론 당신 가족까지 어디 하나 불구가 될 각오는 해야 할 겁니다. 명심하겠습니다. 그럼 거래는 성사된 걸로 알고 이만 가보죠 난.,0,1
3967,야 너 내 돈 언제 갚을 거야? 나 너한테 빌린 적 없잖아. 이 새끼 봐라. 저번에 빵 줬잖아 그거 만 원짜리야 그거 남은 거 준 거잖아. 내가 너한테 줬다고? 여기 증인도 있는데? 내가 다 봄. 물건을 받았으면 돈을 줘야지. 안되겠다. 맞아야 정신을 차리지. 야 잡아봐 미안해 내일 만원 가져올게 이미 늦었어 새꺄 너 때문에 땀났으니깐 내 인건비도 오천 원 가져와라 알겠어. 미안해.,3,1
3975,야. 보이냐? 개 멋있지. 오백만 원짜리 시계야. 응. 한번 만져 나 볼래? 아. 넌 본적도 없어서 뭐가 뭔지도 모르겠지? 불쌍해라 불쌍해. 넌 여기 있으면 안 되고 후원받는데 들어가야 돼. 아니야. 나도 열심히 살고 있어. 열심히 산다고 돈이 들어와? 어휴 냄새. 좀 씻고 나다녀라. 옷도 그게 뭐냐. 너 옷 일주일 동안 입지? 촌스럽긴. 아니야.,3,1
3977,형씨 오늘까지 돈 주기로 했잖아 아 그게 뭐 하는 거야? 약속 안 지키는 거 아니지? 아니 하루만 뒤로 미룰 수 없을까요?? 자기야 우리 오늘까지 안 주면 어떻게 하기로 했지? 장기 그래 그러니까 좋은 말로 할 때 가져와라 정말 하루 뒤면 가져올 수 있어요 하루만 정말 나 화나게 할 거야? 지금 당장이라도 장기 하나하나 다 떼줘? 아니 아닙니다. 어떻게든 구해서 오늘 안으로 들일게요,0,1
4017,이거 서류 좀 공증해달라고 아 죄송합니다. 규정상 구비 서류가 없어서 해드릴 수가 없어요. 뭐라고? 너 내가 누군지 알아? 화가 나셨다면 죄송합니다. 그렇지만 해드릴 수가 없는 부분이라 제가 좀 곤란합니다. 너 말고 네 위에 누구야? 제 위에 상사님께 말씀을 드리겠지만 이것은 해드리기가 좀 어려운 부분입니다. 넌 빠지고 네 위에 불러오라고 말씀이 조금 지나치시네요 뭐라고? 손님이 왕인 거 몰라? 네 죄송합니다. 잠시만 기다려주세요.,3,2
4023,잘 지내 보인다 제가 여기 있는 거 어떻게 알았어요? 네가 숨겨둔 아이 어디 있는 줄 알아? 제발. 제발 그 아이만은 안돼요. 아아 너 하는 거 봐서. 원하는 게 뭐예요. 원하는 게 뭐겠어 나한테 늘 먹던 거 그거. 약속해 줄 수 있어요? 글쎄 네가 하는 거 보고 아이가 꽤 귀엽더라? 아이 가지고 이러는 거 창피하지도 않나요? 아니 전혀. 너한테 아직 받아야 할 게 많아 제발. 구할 테니깐 기다려주세요.,0,1
4028,나는 네가 지난여름에 한 일을 알고 있다. 거짓말 치지 마세요. 너의 남자친구는 너를 믿은 만큼 친구도 믿었지. 정말 알고 계신 건가요? 둘이 연락도 없던 그날에 대해 남자친구에게 메시지를 보낸다면 어떻게 될까? 원하시는 게 뭔가요? 이더리움 5개. 시간 끌면 더 올린다. 그걸 어떻게 준비해요 당장 가져와 알겠습니다,0,1
4031,야 아프냐? 하지 마 아파 해지 매애 대패 크크 야 이번엔 이걸로 그어보자 올 재미있겠는데 크크 야 붙잡아 하지 마 재미없어 무서워 뭐가 무서워 내가 칼로 문신 만들어줄게 멋있을 거야 칼빵 어때? 어디다 그어줄까? 오른쪽? 왼쪽? 애꾸눈 어때? 싫어 이거 놔줘 싫으면 어떻게 할 건데? 왜? 도망이라도 가게?,3,0
4052,당신 가족 내가 가만둘 거 같아? 제발 저하고만 이야기 나눠주세요 2천만 원 당장 구해와 갑자기 그 돈을 어디서 구해요 그럼 그냥 너네 가족은 다신 못 보는 거지 시간을 조금 더 주세요 하루 밖에 못 줘 하루는 너무 모자라요 가족 다신 보기 싫구나? 어떻게든 구해올게요,1,0
4064,야 10분 뒤에 소각장으로 나와 왜? 뭔 말이 많아 나오라면 나올 것이지 저기 그냥 여기서 말해주면 안 될까? 뭐? 많이 컸네 한마디만 더 하면 여기서 안 끝난다 미안해 미안하면 나와 1분 늦으면 한대다 알겠어,3,0
4070, 혹시 오늘 56교시에 자율 빠지고 수업 보충인가요? 저희 반 애들이 그러길래. 네 모르셨어요? 어떻게 애들보다 학교 공지가 더 느릴 수 있어요. 저한테 공지가 안 와서 미쳐 확인 못 했네요. 이를 어쩌죠 교과서 안 가지고 온 애들이 많다고 하던데. 혹시 저희 반 5교시 수학이던데 선생님. 오늘은 교과서 없이 수업 나가실 수 없을까요? 그건 안되겠는데요. 이제 곧 시험이라 다른 반이랑 똑같이 안 맞춰주면 애들 사이에서 불만 나와요. 그니까 왜 담임이 되어서 학교 공지 확인을 안 하고 다니십니까? 제가 확인 안 한 게 아니고 공지 문자가 저한테만 안 온 거 같아요. 누락된 거 같아요. 국어선생님 선생님이 학교 공지 담당이죠? 어제 수업 보충한다고 공지 보낸 거 누락된 분도 계세요? 없을걸요? 왜요 화학 선생님이 그러셔요? 아니 제가 아무리 공지 누락 시켰다 해도 알아서 확인하셔야지. 그럼 뭐 애들은 따로 공지 받고 소식 아나요? 저한테 공지가 안 온 걸 제가 무슨 수로 알아봅니까. 학사일정에 자율이라 되어있으니 저는 학급활동하려고 했죠. 화학 선생님 반 애들 너무 불쌍하다. 시험기간 얼마 남았다고 어휴. 못난 담임 둬서 애들이 불쌍하네요. 그러게 말이에요. 학교에 관심도 없고 공지도 안 해주고 애들 무슨 대학 수업 듣는 것도 아니고 다 자기들 알아서 해야 하는 건가 봐요. 선생님 분발 좀 해요. 공지 안 온다고 손 빼놓고 있지 말고요. 일부러 공지 저한테만 안 보내신 거 아니죠.? 왠지 말씀하시는 거 보니까 일부러 그러신 거 같은데요. 저 봐 저 봐 또 남한테 핑계를 찾네. 일부러 그랬다면 어쩔 건데요. 그리고 담임이 되어서 내일 변동 사항 없는지 다른 선생님들을 통해서라도 물어봐야 하는 거 아닌가요?,2,3
4080,당장 무릎 꿇어. 네? 무릎 꿇으라고. 그리고 넌 이 가방에 돈 담아. 알겠습니다. 조금이라도 까딱하면 총으로 쏴버릴 거야. 경찰입니다. 경보 듣고 왔습니다. 거기서 더 들어오지 마. 들어오면 인질 죽어. 뭘 바라십니까? 탈출할 수 있는 헬기와 100억 원. 알겠습니다. 인질을 풀어주세요.,0,1
4087,아저씨 담배 있어요? 없는데. 그럼 저기 편의점에서 하나만 사다 주세요. 지금 삥 뜯는 건가? 에이. 부탁하는 거죠. 누가 부탁을 이렇게 무서운 표정으로 해. 하. 이 아저씨 말귀를 못 알아듣네. 거지냐고 쌍. 아니. 말보로 레드. 어어.,1,3
4093,야 찐따 매점 가서 빵 사와 알았어. 어떤 거 사다 줄까? 알아서 내가 좋아하는 걸로 사와 이 찐따야 그럼 돈은.? 돈은 네 돈으로 사야지 빌린 걸로 치자. 나도 돈 없는데. 네가 알아서 마련해서 사 와야지 어쩌라고? 나 정말 돈 없어. 알아서 해. 대신에 다음 시간까지 빵 안 사 오면 뒤진다. 알겠어.,3,1
4100,안녕. 너 길동 맞지? 네 맞는데요 무슨 일이시죠? 너의 자식을 내가 데리고 있다. 하라는 대로만 하면 살려주지. 네.? 아이고 이게 무슨 일이야. 장난 아니고 실제 상황이다. 1억을 만들어와. 그런 돈은 없는데요. 제발 살려주세요 어떻게든 만들어오라고 사채를 쓰든 대출을 하든. 내일 12시까지 안 보내면 자식을 죽인다. 네 제가 어떻게든 마련을 해보겠습니다. 경찰에 신고하려는 허튼 생각하지 마. 바로 너 자식은 죽을 테니까 알겠습니다 조금만 기다려주세요.,1,0
4117,야 찐따 응. 가서 빵 좀 사 와 지금? 그래. 우유도 같이 돈은? 네 돈으로 사 인마 지금 돈이 없는데 어쭈 죽을래 미안해.,3,1
4143,사장님 장사하기 싫소? 왜 이러는가 자네. 자릿세 내라고 말했어 안 했어? 아니 요즘 세상에 자릿세가 어딨는가 나는 정당하게 월세 내는데. 여기 우리 구역인 거 몰라? 하. 제발 그만 좀. 여기서 장사하려면 돈을 내야지 자꾸 그러면 신고하겠소 해봐 그럼 눈알을 뽑아줄 테니 내게 대체 왜 이러는 거요.,1,3
4153,지우야 너 카톡 계정 있지? 그것 좀 빌려주라. 네 근데 왜요? 내가 계정이 정지됐는데 비밀번호를 까먹었어 그거 비번 재설정하면 되지 않아요? 아 내가 몰라서 묻는 거 같아? 여러 번 했는데 안돼서 너한테 물어보는 거잖아. 다른 애들한테 부탁하면 안 될까요? 너 안 빌려주면 죽는다. 제발요 너 형이 잘해주니까 무시하냐? 야 이 네,3,1
4159,김 부장 오셨습니까 내가 시킨 거 어떻게 했어? 그게. 안 했어? 저는 못하겠습니다 김 부장 요즘 나사가 풀렸나 봐? . 죄송합니다. 자네 딸 유치원 다닌다던데? .시간을 조금만 더 주세요.,0,2
4197,죄송하지만 좀 조용히 해주시겠어요? 왜요? 제가 잠을 좀 자려는 데 시끄러워서요. 하하 여보세요 발로 그만 차세요. 안 했어요? 무슨 소리예요? 발로 차놓고서 안 했다고 하나요? 여기 있어요 그래? 있으면 어쩔 건데? 공공장소에서 통화 간단히 하셔야죠. 30분 이상 떠들면 어떻게 합니까? 내가 내 입 갖고 말하는 데 네가 보태준 거 있어? 죽을래?,3,0
4198,야 머 하냐? 학원 가려고. 돈 좀 있냐? 아니 없어. 야 네가 머가 없어 네 손에 든 건 머냐?? 내 밥이야. 돈이 없으면 네 밥이라도 줘야지 너 나랑 약속한 거 잊었어? 안 주면 죽기로 했잖아. 싫어. 머 싫어? 이게 죽고 싶나 아 너 진짜 죽는 거 못 봤구나 내가 못 봤을 너를 위해 약을 가져왔어 한번 먹어봐 나 죽기 싫어. 하지 말아 줘.,0,1
4201,어머니 땅문서 어딨어요?? 그 땅은 안된다 안되는 게 어딨어요 땅문서 어딨냐니까요 너네 아버지가 돌아가시면서 남겨준 거야 절대 안 돼 아니 어머니 죽은 사람이 무슨 소용이에요 정신 차려라 산 사람 먼저 살아야죠 죽은 사람이 돌아온답니까 어딨어요 제발 정신 차려라 이 자식아 얼마나 말아먹어야 정신을 차리겠니 제가 저 좋자고 하는 것 같아요? 어딨어요 제발 정신 차려라 아이고 여깄네 어머니 나만 믿고 계세요,1,0
4277,야 네 롤 티어 첼린저더라?? 응. 맞아 나 요즘 롤 즐겨 하는데 티어가 안 오르던데 너 좀 치냐? 응. 조금 하는 편이야 그래? 내 티어 좀 올려줘라 안돼. 나는 공부도 해야 된단 말이야 야 너 여동생 우리 고등학교 다니더라?? 얘 때리는 건 질렸는데 걔나 때려볼까 안돼. 여동생은 건드리지 말아 줘 그러면 한 달 줄게. 티어 딱 올려놔라 알았어.,0,3
4286,너 엄마 없다며? 뭐? 그래서 이렇게 더럽냐? 너 말 다 했냐? 화났대요 죽는다. 죽여봐라 너 엄마 없는 거 다 알릴 거다 네가 뭔데 그런 말을 떠벌리고 다녀 내 맘이다 말 조심해라 진짜,3,0
4296, 김대리 어머 이거 신발 너무 이쁘다. 아 요번에 큰맘 먹고 하나 샀는데. 김대리 나 다음 주에 소개팅 나가는데 그것 좀 빌려줄 수 있어? 네? 아니 이거 저도 몇 번 안 신은 거라. 그래서 싫다는 거야? 내가 달라는 것도 아니고 빌려달라고 하는 거잖아 무슨 요일 날 필요하신 건데요? 나 토요일에 하니까 신고 다음 주 월요일 꼭 갖다 줄게 네 그럼 내일 가져다드릴게요. 조심히 신고 꼭 월요일에 가져다주세요. 누가 보면 엄청 대단한 거 빌려주는 줄 알겠네. 저도 이렇게 비싼 건 처음 사보는 거라서 그래요. 팀장님 혹시 제 구두 가지고 오셨나요? 아 맞다 그거. 깜빡했다. 미안 내일 가져다줄게.,1,2
4343,내가 돈이 없어서 집을 못 가고 있는데 택시비 좀 줘봐 무슨 소리예요 달라고 하면 내놔 거지새끼야 경찰서 갈 거예요 저리 가세요 경찰이 널 도와줄 것 같아? 그전에 널 패버릴 거야 돈 주기 싫어요 안 주면 널 끝까지 따라가서 받아낼 거야 싫다니까요 저리 가세요 너 이 앞 학교 다니는 대학생이지? 돈 안 주면 너희 학교에 맨날 찾아간다 신고할 거예요,1,0
4359,여기 내 책상에 손댔어? 아니요. 전 일만 하고 있었는데요. 지금 여기 너와 나 둘뿐인데 내 책상은 어질러져 있고 돈도 없어졌네. 전 절대로 가져가지 않았어요. 너 혹시 전과 있니?? 대학은 나왔어? 저 정규재 나오고. 대학에서 남의 돈 훔치라고 배웠어요? 절대로 그런 짓 안 했어요. 그럼 돈이 발이 달려 도망이라도 갔대? 보자 보자 하니까 평소에도 손버릇이 나쁘더니 결국 내 돈까지 보시면 아실 거예요. 전 아니에요. 저게 또 고장 난 거까지 아네.,2,1
4364,너 이거 왜 이리 못해? 몇 번을 말해야 알아먹어? 죄송해요 맨날 죄송하다는 말만 하니 죄송합니다 나 참. 앞으로 조심할게요 맨날 같은 소리. 지겨워 앞으로 정말 조심할게요 입만 살아가지고 죄송합니다,2,3
4365,이번에 한 번만 빌려주면 다시는 연락 안 할게 저번에도 힘들게 마련해 드렸는데 무리입니다 머라고 지금 머라는 거야 저승사자 만나러 갈 테야? 저번에도 너무 어렵게 준비했던 것인데 이번만은 정신 못 차렸네?? 제삿밥 먹고 싶어?? 진짜입니다 이번에 그냥 다른 곳에 알아보세요 제삿밥 멀로 먹여줄까?? 가족들 피눈물 흘리게 해줘?? 안됩니다 가족만은 안됩니다 그럼 할 수 있잖아 능력 되잖아 해봐 가족들 생각해서 말이야 이번이 진짜 정말 마지막입니다 부탁드립니다,1,0
4368,너네 엄마 목걸이는? 없어. 못 찾았어. 이 새끼 봐라. 구라 치지 마. 진짜야. 없으면 사 오기라도 해야지 뭐 하는 거냐? 나 돈 없어. 목걸이 대신 네 목 따 버릴 거야. 어떻게 그런 말을 해. 정말이라니까. 내일까지 기회 줄 테니까 찾아와. 알겠어.,1,0
4391,너 나랑 헤어질 거야? 응 나 이제 너랑 못 만나 나 너 동영상 가지고 있어. 알아? 너 이런 동영상 언제 찍었어? 너 이 영상 학교에 퍼져도 괜찮겠어? 학교 다닐 수 있겠어? . 너 이러는 거 범죄야. 얼른 지워줘. 싫어 네가 나 다시 만난다 해주면 지울게 알겠으니까 얼른 지워줘 하는 거 보고 지울게 보채지 마. 너.,1,0
4395, 손이 아무리 그 모양이라도 그렇지 타자도 너무 늦고 일이 너무 쳐지는 거 아닙니까? 낮에 회사에서 씨 때문에 협력업체에서 왜 메일 빨리 안 보내주냐고 나한테 난리 쳤다고요 아 저딴에는 빨리 친다고 해도 이게 손이. 말을 안 들어서. 죄송합니다. 아니 답장도 이렇게 늦을 일이냐고. 그냥 장애인들만 모아놓은 회사로 이직하는 게 어때요? 저는 정당하게 입사한 거예요. 아 누가 그거 몰라서 그래요? 그거 그냥 다 허울만 좋은 거고 회사에서 국가 지원금 받으려고 고용하는 거 몰라요? 압니다. 그래서 저도 노력 많이 합니다. 노력만 백날 하면 뭐 합니까? 같이 일하는 사람 힘들게 하면 그게 얼마나 민폐인 줄 아세요? 내가 매번 말을 안 해서 그렇지 허구한 날 씨 뒤치다꺼리하고 있다고요 내가 당신 뒤치다꺼리하는 사람인 줄 알아요? 손 올찮은게 무슨 자랑이라고. 제가 언제 이게 자랑이라고 했습니까 아. 죄송합니다. 제가 더 분발하겠습니다. 분발이고 뭐고. 위에다 말할 겁니다. 하루 이틀도 아니고 내가 힘들어서 안되겠다고요 손 잘려나갈 때 양심도 같이 잘려나가버리고 없나 진짜 정말 말씀이 너무 지나치시네요. 네 그냥 제가 나가겠습니다.,3,2
4396,당신의 아이를 데리고 있다. 네? 뭐라고요? 네 자식을 살리고 싶으면 지금 바로 1억을 준비해라. 엄마 살려주세요 여보세요. 누구세요? 지금 당장 돈을 준비해서 하천 옆 굴다리로 와라. 이보세요? 여보세요? 엄마 지금부터 세 시간을 주겠다. 만약 신고하거나 허튼짓을 하면 네 자식을 영영 못 볼 줄 알아라. 네 알겠습니다 일단 우리 애. 우리 애 좀 바꿔주세요. 애는 괜찮은 거죠? 돈 들고 혼자 나와라. 여보세요? 여보세요,1,0
4418,당신 딸을 내가 데리고 있다. 원하는 게 뭐죠? 당장 일억을 준비해서 내가 원하는 장소로 가져와. 시키는 대로 할게요. 제 딸은 무사한 거죠? 신고하면 바로 죽일 수 있다. 명심해. 네. 딸 목소리만이라도 들려주세요. 허튼 수작 부리지 말고 돈이나 준비해 네 알겠어요. 시간을 좀 주세요 시간은 한 시간이다. 더 이상은 안 돼. 알겠으니 딸 목숨만은.,1,0
4419,공책 돌려받길 원하면 빨리 뛰어봐. 이 굼벵이 아. 빨리 내놔. 빨릐 내놔 아. 빨리 내놓으래. 웃기다. 아 내놓으라고 내놓으라고 굼벵이 아 그러니 빨리 달려봐. 그게 뛰는 거냐? 그만 좀 놀리고 내놔. 그만 좀 놀릐고 내놔. 넌 좀 그만 따라 해. 넌 좀 그만 따라 해애. 아 굼벵이 너무 느려서 재미없다. 네가 안 가져가니 이건 내가 가진다.,3,1
4425,야 네? 던힐 하나 던힐 뭐 말씀이세요? 아니 주라면 알아서 아무거나 주지 1미리로 드릴까요? 아니 1미리는 너무 약하잖아 아무거나 주시라고 하셔서 에이 그래도 돈 주고 그렇게 약하고 먹겠나? 그럼 뭐로 드릴까요? 그거 빼고 아무거나 줘.,3,1
4456, 너 성기 사진 보내줘. 흥분될 거 같아 오빠. 그건 좀 그래 부끄럽기도 하고 걱정도 되고. 너 예전에는 잘 보내줬으면서 이제 와서 왜 내빼. 당장 보내. 안 그러면 큰일 당할 줄 알아. 오빠. 왜 그래. 이러지 마. 진정해. 아 얼른 보내라고. 아니면 나 그동안 네가 보낸 그런 사진들 신상 공개해서 다 뿌린다? 아. 안 돼. 그것만은 제발 이러지 마. 그러니까 얼른 보내라고. 너 학교 동기랑 가족들이 이 사진 보면 퍽이나 좋아하겠다. 오빠. 알았어. 알았어 말 들을게. 그니까 멈춰. 그럼 내가 지정하는 대로 자세 취하고 사진 찍어서 보내. 아니면 너 인생 끝날 줄 알아. 원하는 대로 할게. 제발 뿌리지만 말아줘,1,0
4477,사퇴하시죠. 무슨 소립니까? 의원님이 뇌물을 받으신 거 다 알고 있습니다. 나 윤석룔 정치인생 30년 양심에 걸릴 게 없는 사람이오 입에 침이나 바르시고 말씀하시지요. 어디 감히. 증거가 있습니다. 배려해 드릴 때 스스로 물러나십시오. 증거가 있다니 어디서 생 사람 잡는 소리를 합니까 저는 분명히 기회를 드렸습니다. 내일 아침까지 발표를 하지 않으신다면 증거 자료를 인터넷에 뿌리겠습니다. 꺼져 꺼지라고,3,0
4481,당신 손녀를 지금 데리고 있다. 네?? 제 손녀를 데리고 있다고요? 그래. 내가 당신 손녀를 데리고 있어. 무슨 소리세요 제 손녀를 데리고 있다니 당신 손녀를 구하고 싶으면 지금 당장 계좌에 1억을 입금해 1억이라니요 그런 큰돈 없어요 그럼 손녀를 살리고 싶지 않은 건가? 아니요 하지만 그렇게 큰돈을 마련할 수 없어요 제 손녀를 살려주세요 당장 입금하지 않으면 손녀는 죽일 거다 안돼요 무슨 말이에요 제 손녀를 건들지 마세요,0,1
4491,이거 얼마예요? 고객님 이거 못 사실 텐데 네? 얼마예요? 입어볼게요 안 사실 거면 입어보지 말고 그냥 가세요 제가 살 건지 안 살 건지 어떻게 아세요? 이거 가격이 좀 나가요 지금 돈 없어 보인다고 비꼬시는 거예요? 아니요? 그렇게 느끼셨어요? 됐고요 기분 나빠서 정말 다신 올 일 없을 것 같네요 다음에 오시면 다른 거 보여드릴게요,3,1
4505,배가 고프네. 야 너 밥 좀 사와 저 공부 중인데. 씨벌늠이 내가 배가 고프다고 귓구멍에 반창고 부치고 다니냐? 독서실에서 이러면. 쓰벌 뒈지고 싶냐? 네가 내가 누군 줄 모르지? .네에 네에?? 하 요고 봐라. 알게 해조? 모가지 따보까? 지금 아니. 그게. 일루와. 셰리야. 밥이랑 모가지랑 바꾸게. 병신 사 오겠습니다.,1,3
4515,이거 도와주세요. 난 지금 바빠서 도와줄 시간이 없어. 넌 바쁠 때 항상 바쁜척하더라 바쁜척하는 게 아니라 실제로 바빠. 지금까지 놀다가 바쁜척하는 거 알아 진짜 바쁘다니까. 내 말을 뭘로 알아 네가 평상시에 하는 행동을 보면 매번 그렇더라 네가 미쳤군. 사람 말을 못 믿는 걸 보면 너야말로 진짜 미친놈이야. 넌 이성을 잃었어. 평상시도 제정신이 아니었지만.,0,4
4533,야 머 하냐? 학원 가려고. 돈 좀 있냐? 아니 없어. 야 네가 머가 없어 네 손에 든 건 머냐? 내 밥이야. 돈이 없으면 네 밥이라도 줘야지 싫어. 머 싫어? 이게 죽고 싶나 아니. 너 돈 있잖아. 그걸로 사 먹어.,0,1
4534,야 네가 쓰는 립스틱 나도 빌려주라 이거 산지 일주일도 안된 건데 어쩌라고 잠깐 빌려달라고 다시 안 줄 거잖아 뭐래. 지금 친구 사이 의심하는 거야? 아니 그게 아니라 왜 말대꾸해? 학교에서 찐따로 살고 싶어? 미안해 빨리 줘 여기.,3,1
4536,여기사인 하세요 으응? 이게 뭔데 설명해도 잘 모르시잖아요 사인하세요 내가 이게 뭔 줄 알고 사인을 해 설명하면 아세요? 아시냐고요 노인네가 뭐어? 어르신한테 나중에 도움 되는 거예요 사인하세요 내가 어떻게 믿고 사인을 해 아 진짜 답답하게 하시네 좋은 말로 할 때 사인해요 정말 왜 이래,1,3
4537, 이게 사람이라는 동물이 참 웃겨요 선생님 그게 무슨 말이신지. 상대방한테 잘 해주면 그 친절을 받은 사람은 자기가 특별한 줄 알아요 정말 그럴까요? 친해. 지고 싶으니깐 그런 거 아닐까요? 하하. 아니죠 아니죠 그냥 내가 살면서 이 사람한테 잘 해주면 이용해먹거나 호구처럼 사용할 수 있으니깐 그런 거죠 그. 그런가요. 대화의. 요점이. 그러니깐 제가 선생님한테 잘해드릴 때 그냥 제 비위 맞추면서 인생 살라는 거예요 수 틀리면 당신 면상이고 네 새끼들도 얼굴들 생각 못 할 테니깐 한 번만 용서해 주시면. 제 분수대로 살겠습니다. 동물원에 있는 동물들이 먹이를 받아먹으면 이 사람이 자기를 키워주는 줄 알아 그게 아니라 그냥 꼭두각시 짓 할 만큼 명줄 이어가는 건데 나가봐요 다음은 선생님이 아니라 네 자식새끼니깐 알겠습니다.,0,3
4552,어이 이병 박가람 가서 단가 몇 개 갖고 와라 잘못 들었습니다? 아 씨바 단가 몇 개 가지고 오라고 단가가 뭔지 잘 모르겠습니다 모르면 군 생활 끝나나? 아닙니다 너 앞으로 찐따다 알았냐? 찐따로 관등성명 대라 네 알겠습니다,3,2
4560,지우야 너 카톡 계정 있지? 그것 좀 빌려주라. 네 근데 왜요? 내가 계정이 정지됐는데 비밀번호를 까먹었어 그거 비번 재설정하면 되지 않아요? 아 내가 몰라서 묻는 거 같아? 여러 번 했는데 안돼서 너한테 물어보는 거잖아. 다른 애들한테 부탁하면 안 될까요? 너 안 빌려주면 죽는다. 제발요 너 형이 잘해주니까 무시하냐? 야 이 네,3,1
4567,야 너 이리로 와 봐 이병 박철수 너네 집안 좀 잘 산다면서 예 그렇습니다. 내가 널 특별히 아껴서 그런데 한 6개월 동안 휴가를 줄까? 거의 복무 기간 중 절반이지? 어. 죄송하지만 그게 가능한가요? 그래 가능하지 가능하게 해줄게 대신 나한테 4천만 원만 입금해 줘라 형이 돈이 필요해서 그건 안될 것 같습니다. 뭐라고 이 새끼가 날 무시하네 이제 너네 조 하루 종일 기합일 줄 알아라 앞으로 휴가는 꿈도 꾸지 말고 맞을 준비도 하고 죄송해요 잠시만요 생각 잘해야 해 2분 준다 선택해,1,2
4569,이 버튼 하나면 건물이 무너질 겁니다. 뭐라고? 십 년 전 성당에서처럼 달려보시죠? 무슨. 선착순 한 명입니다. 에이. 야 거기 서 서로 물고 뜯어보세요. 누가 살아남을지 기대되네요. 나만 살려주면 돼. 난 리더잖아 얘네는 하등 필요 없잖아 무슨 개소리야? 거 더럽게 시끄럽네 하나. 둘. 같이 가자. 눌러,0,3
4585,많이 어려워? 제가 그 물건을 다음 달까지 어떻게. 안 어렵게 도와줄까? 네? 그게 무슨. 이게 누구실까? 앗. 우리 아들 그래 하나뿐인 석박사 수석 아드님 왜 이러십니까. 어때 좀 쉽게 구할 거 같아? 제발. 시간을 좀 주세요.,0,1
4620,배고픈데 빵 좀 사와라 네가 좀 가 네가 가고 싶지 않으면 조용히 해 애들 그만 좀 시켜 네가 해라 그럼 싫어 싫어? 싫다 하면 끝이야? 애들 그만 시키라고 그러니까 네가 해 아니면 넌 내 손에 맞아 죽어 하,3,0
4625,야 너 나한테 할 말 없어? 없는데 진짜 없어? 무슨 일 있어? 회사 취업했다며 아 응 한 턱 쏴야지 내가 왜? 나니까? 말대꾸하네 네가 사 먹어,3,1
4629, 야 알바 너 과자 흐트러져 있는 거랑 우유 비워져 있는 거 안 채워? 아 몰랐어요. 죄송합니다. 지금 정리하도록 하겠습니다. 알바 너 그리고 누가 내가 일하는데 게임하고 대학 수업 듣고 그러라고 했냐? 네.? 어떻게 아셨어요.? 그리고 근로계약서 작성할 때 손님 없는 시간에는 할 일 해도 된다고 하셨는데요. 뭘 내가 어떻게 알아. 그는 뭐 허구한 날 너 지켜주려고 달아놓은 거 같아? 야 그리고 내가 언제 할 일 해도 된다고 그랬어. 증거 있냐? 사장님으로 보시고 일 시키시는 거 불법이에요 모르세요? 그거 제가 신고하면 사장님 벌금 내셔야 하는 일이에요. 내가 내 알바 돈 주고 쓰고 일 잘하는지 본다는데 그게 왜 불법이야? 네가 돈 받고 일하면서 내내 농땡이 피우고 있잖아. 전 분명해야 할 일 다 했고 과자가 흐트러져 있는 건 못 본 제 잘못이지만 매번 이렇게로 감시했다는 생각하니까 소름이 다 돋네요. 소름 돋아서 뭐 어쩔 건데. 내가 시키는 일이나 제대로 해. 돈 안 받고 싶어? 그리고로 가끔 보지 네 사생활 하나하나 다 보지 않았으니까 착각하지 마. 됐고요. 계속 저를 감시했다는 거에 큰 불쾌감을 느끼네요. 저 지금 알바 그만둘 거니까 알아서 가게 와서 영업하세요. 그리고로 지켜보고 계셨던 거 신고할 겁니다.,2,3
4637,미연 씨 혹시 오늘 저녁에 뭐 먹어요? 저 오늘 아직 저녁 생각은 안 해봤어요 아. 혹시 그럼 오늘 저녁에 이거 먹을래요? 네? 아 혹시 저 주시려고 만드신 건가요? 아니 그건 아니고. 이게 내가 실수로 메뉴를 잘못 만들었는데 버리긴 아깝잖아 감사합니다 그럼 제가 오늘 퇴근하면서 가져가겠습니다 이거 원래 3만 원짜리 나데 내가 실수해서 2만 원에 줄게요. 네?.아 혹시 제가 사서 가야 하나요? 아니면 이번 달 월급에서 빼고 그래도 싸구려 음식도 아닌데 그냥 주기는 아깝잖아? 알겠죠? 그렇게 알고 있을게요. 아. 저는 굳이. 그렇게까지. 하,2,1
4650,민주 씨. 오늘 옷 이쁘네 감사해요. 어디서 샀어? 나도 그 옷 봤는데 길동 쇼핑몰에서 요 15만 원 주고 샀어요 왜 이렇게 비싸게 주고 샀데? 역시 돈 많네 아니에요 브랜드 정가라서 그래요 민주 씨 금수저 아니었어? 소문났던데 네??누가 그래요? 민주 씨 얘기 요즘에 뒤에서 많이 해. 소문이 안 좋게 났던데. 소문은 소문일 뿐이에요 그래? 밖에서 행실 잘하고 다녀,2,3
4669,좋게 좋게 말하니까 내 말이 우스워? 그런 거 아니야. 그런 게 아니야? 그럼 왜 자꾸 사람을 열받게 하는데? 한두 번이야? 안 그러려고 나도 많이 노력했어. 노력을 했는데 결과가 왜 이래? 자꾸 이렇게 열받게 하고 스트레스 주니까 너 죽여버리고 싶어. 알아? 스트레스 주려고 한 거 아니고 일부러 그런 것도 아니야. 미안해 같은 말 반복하게 하네. 좀 맞아야 정신 차리지? 말이 좀 심하잖아. 야 말이 좀 심해? 네가 먼저 스트레스 줘서 사람 열받게 했잖아. 그럼 스트레스 풀릴 때까지 맞아야지 다음부터는 같은 상황 반복 안 할게. 미안해.,0,3
4672, 안녕하세요 상담원 안 보미입니다. 무엇을 도와드릴까요? 제가 이번에 테블렛를 샀는데. 너무 느려서 환불하려고요. 아 혹시 테블렛가 얼마나 느린지 알 수 있을까요? 동영상 한번 로딩하는 데 510초나 걸립니다. 그러시군요. 그런데 이미 한번 개봉한 제품은 반품이 어려우세요. 네? 그러면 물건을 개봉하고 사용해 봐야 문제가 있다는 걸 알 수 있지. 어떻게 아나요? 이미 물건을 한번 개봉하셨기 때문에 제품 금액의 80만 돌려받을 수 있습니다. 아니 그런 게 어디 있습니까? 새 제품이 너무 느려서 반품한다는데. 100환불해 주세요. 환불 안 해주시면 올려서 테러해버릴 테니깐. 일단은 물건 먼저 보내주세요 환불해 주겠다고 먼저 약속하세요. 그러면 보낼 테니깐.,3,4
4682,자네도 알다시피 이번에 교육 건이 좀 커서 맡으려는 기관이 많네? 네. 알고 있습니다 늘 자네가 해왔다고 한 건 이유가 안돼 알지? 네. 노력하겠습니다 뭐 그런 노력도 좋지만 다른 쪽으로도 생각해 보게 네?? 아니 윗분들한테 자네가 챙겨줬다고 하고 식사라도 대접하면 얼마나 좋아하시겠어? .그 말씀은? 잘 생각해 보고 내일까지 가지고 오게나 네. 알겠습니다.,1,2
4688, 감독님 저 더 이상 시나리오 못 짜겠습니다. 대신 그동안 작업해놨는 것을 이어서 다른 사람한테 부탁드릴게요 이유는 뭔가? 사이코가 주인공인 영화 시나리오를 짜다 보니 제정신 상태도 사이코로 변해가는 것 같아서요 자네 나랑 말장난 하나? 그것 때문에 아내랑 신판 싸우기도 하고 심지어 부모님조차도 저를 싫어하세요 그리고 그리고 제 자신이 그런 사이코가 안 변하려고 노력하다가 강박증에 걸리기도 하는 것 같습니다. 그래 알겠다 일하기 싫은 거지? 알겠어 넌 10원짜리도 가져갈 생각도 하지 마 감독님. 그래 나도 너 같은 직원 지금 자른 게 다행이지 감독님 정말 너무하세요,3,2
4708, 선생님 저희 애 좀 잘 부탁드려요. 지우 어머님. 이러지 마세요. 저희 애 꼭 좋은 대학교 가야 합니다. 지우는 똑똑해서 꼭 갈 수 있을 겁니다. 너무 염려 마세요. 선생님 저희 애 이 번 시험문제 좀 알려주실 수 있을까요? 네? 어머님 그건 불가능해요. 아시잖아요. 선생님 이번에 저희 조카랑 결혼하신다는 얘기는 들었습니다. 민주 씨요.? 근데 그게. 저희 조카 제가 업어키웠습니다. 제 말이라면 껌뻑 죽는 아이에요. 무슨 말인지 아시죠? 어머님. 저는 그래도 불법을 저지를 수 없습니다. 죄송합니다. 그래요. 그럼 저희 민주한테 가서 이 결혼 선생님께서 안 하겠다고 하셨다고 말해도 되는 거죠? 아. 아. 아닙니다. 어머님 이러시는 거 정말. 제 말 이해했다고 생각하겠습니다. 내일 다시 올게요.,1,3
4709,너 꼬리빗 있어? 아니 없어. 없긴 뭐가 없어 야 너 아까 꼬리빗 누구한테 빌렸어? 어?한테. 왜 거짓말해? 미안. 같아서 안 빌려. 꺼져. 못생긴 게 어디서 본건 있어가지고 파우치까지 가지고 다니네 같은 게 내 말이 내가 저 면상이었으면 자살한다.,3,1
4717, 선생님 안녕하세요. 누구세요? 저 이번 대회에 참여한 박시우 학생 엄마입니다. 아아. 네 어머님 안녕하세요. 이곳엔 어쩐 일로? 다름이 아니라 저희 아이 이번엔 꼭 입상해야 합니다. 네? 그게 갑자기 무슨 말씀이신지. 저번에도 선생님께서 저희 아이 점수 낮게 주셔서 입상 어려웠던 거 다 알고 있습니다. 어머님 저는 시우여서 낮게 주고 시우가 아니어서 높게 준 것이 아니라 공정한 심사를 통한 점수를 준 것뿐입니다. 선생님 오신지 얼마 안 돼서 모르시나 본데 저희 아이 한 번도 떨어진 적 없었고 선생님 오신 뒤로 성적이 뒤처지기 시작했어요. 지금 이곳 저희 아버님이 투자한 거 모르시나 봐요? 저 때문에 시우가 성적이 떨어진 것이 아니라 그전에는 어땠을지 모르지만 저는 동등한 평가를 했습니다. 더 이상 드릴 말씀이 없네요. 선생님 좀 말이 안 통하시네요. 어머님이 건강이 안 좋으셔서 돈 많이 필요하신 걸로 아는데 당장 직장 잃으셔도 괜찮으신 건가요? 아니면 계속 다니고 싶으신 거면 제 말 아시죠?,1,3
4726,세상 살기 참 쉬워 왜 그러는 거야? 너 같은 애는 얼굴도 이쁘고 부문도 잘 만나고 내가 좋아하는 오빠도 너 좋아하더라 아 그 성현이 오빠랑은 그냥 미술학원만 같이 다녀 아 그래? 나는 미술학원 다닐 돈도 없는데 나한테 왜 그렇게 말하는 거야 아니 너라도 없으면 그 오빠가 나를 좀 봐주지 않을까? 무슨 소리야. 정말 여기는 4층인데 떨어져 봤자 심하게 다치겠어? 무섭게 왜 그래.,0,3
4754,얘들아 왜? 길동 00 진짜 재수 없지 않아? 개짜증 나 걔 존나 구림 아 걔 얼굴 존나 때리고 싶다 토쏠림 아 개 웃겨 아 뭐야 00도 있었네 몰랐다 미안 우리끼리 이야기하게 나가주라 존나 빻은 게 얼굴 보면 존나 때리고 싶어 미안해 내가 잘못했어 머래 그냥 꺼지라고 아 짜증 나 패고 싶어 내 말이 00아 그냥 죽기 싫으면 가만히 짜져 살아 씨발 아가리를 찢어버리고 싶네 그냥 염산 뿌려서 얼굴 형체도 모르게 만들고 싶다,3,0
4779,여보 오늘도 늦어요? 여보라고 하지 말랬지. 징그럽게. 그 얼굴 좀 치워 구역질 나니까. 얼굴에 화상이 심해서 성형으로도 안되는걸. 얼굴이 그 꼬락서니 면 돈이라도 많던가 친정에서 사업 자금 많이 주셨잖아요. 아 네네 생색은. 너 같은 여자하고도 살아주는데 그럼 그 돈도 안주냐? 친정집도 이제 어려워요. 집까지 팔았잖아요. 놀고들 있네. 난 또 어마 무시하게 큰 부자인 줄 알았지. 결혼할 때 당신 가져간 돈만 해도 건물 몇 채 값이에요. 이게 어디서 고개를 쳐들고. 징그러운 얼굴 안 보이게 수건으로 좀 싸. 싸. 웩 더러워.,3,1
4781,이거 새로 사야 할 거 같은데 에이 아니야 아직 쓸만하던데 아 진짜 오빠가 뭘 알아 집구석에 들어오지 않는 양반이 내가 아니라면 아닌 거야 우리 형편에. 안돼 사치야 그놈의 형편 진짜 구질구질하다 당신이 그렇게 빚 많고 가난했다는 거 알았으면 애초에 결혼 안 했어 뭐? 이 여편네가 뭐 맞잖아 아끼면 뭐해 쥐꼬리만한 테 월급 받아오면서 지 술 마시기 바쁘고 뚫린 입이라고 아주 내가 없는 말 했어? 내 인생 당신 만난 게 제일 최악이야 하.,3,1
4786,사장님 이 목걸이 얼마인가요? 현금가 기준 200만 원입니다. 그래요? 그럼 현금영수증 안 할 테니까 180에 해주세요. 네? 현금가에 적용이 되어서 200입니다. 아. 사장님 말이 안 통하시네. 요즘 장사 힘들어요 손님. 진짜 싸게 드리는 거예요. 그래요? 전 상관없고 180에 안 주시면 현금영수증 안 해준다고 신고할 거예요. 네? 진짜 어려워요. 도와주세요. 법대로 장사하셔야 하지 않겠어요? 그니까 좀 더 빼주세요. 알겠습니다.,0,1
4800,야 너 고객한테 누가 그렇게 대들래 카페 이미지 나빠지면 책임질 거야? 아니 저분이 저한테 음담패설을 하는데 어떻게 가만히 있어요 너 나한테까지 대들어? 사장님이 그렇게 당하시면 가만히 있을까요? 난 그런 일 안 당해 봤지만 그냥 무시할 것 같은데 뭐라고요 자기 가게인데다 일도 아르바이트한테 다 시키면서 운영하면서 이 새끼가 너 여기 나가고 싶어? 제가 틀린 말 했나요? 그리고 어떻게 위로 한마디도 안 해줄 수 있나요? 너 바보냐 여기가 교육받는 곳이야? 너 그냥 나가 정말 너무하시네요 너 같은 직원 필요 없어,2,3
4802,왜 한쪽 다리를 절어? 어렸을 때 사고 났대 정말? 아 파겠다 응 근데 기억도 잘 안 나 아니 그래서 너 때문에 우리 반이 좀 애매하잖아 어? 곧 체육대회 하는데 네가 이 불편한 다리로 뛴다고 하면 보는 사람도 마음 안 좋고 우리 반도 실점하면 좀 그렇겠지? 하고 싶은 말이 뭐야 그날 담임한테 말해서 이렇게 뛰는 거 창피하다고 앉아만 있던지 알아서 결석 좀 해줘 너무하다. 아니야 그렇게 생각하지 마 공익을 위해서야,3,4
4822,고객님 안녕하세요 이번에 가입한 상품과 관련해서 안내전화드렸습니다 네 무슨 문제라도 있나요? 길동 상품에 추가 기능 안내드립니다. 기능 하나 추가 당 오만 원 비용이 발생합니다. 필수적으로 하시는 걸 추천드려요. 꼭 필요한 부분인가요? 그렇진 않습니다만 상품 사용 시 불편함이 있습니다. 기본 사항의 경우 제한적인 기능만 사용 가능합니다. 그럼 추가 기능을 지불해야 사용에 불편함이 없는 거네요? 네 그렇습니다 그럼 기능 추가하도록 하겠습니다.,1,3
4824,야 나도 너 도시락 좀 먹자 못 가져왔어 너 저번에도 내 거 다 먹었잖아 아 정말 돼지도 아니고 왜 이렇게 욕심이 많아 그게 아니라 너는 네가 다 먹으니까 그런 거지 하. 야 내가 먹으면 얼마나 먹는다고 그리고 너 살 빼야 될 것 같은데? 뭐?.너 그게 할 소리야? 아니 그렇잖아 너 많이 먹어서 내가 대신 먹어주는데 고마워해야 하는 거 아니야? 하. 그래 고맙다 고마워 또 그렇게 비꼬아서 말하진 말 자화 날 것 같으니까? 알았어 미안,1,3
4837,박우식 자 돈은 여깄다 가서 담배만 사 오면 돼. 알겠지? 내. 내가? 그럼 여기 박우식이 너 말고 또 있냐? 찐따새끼야? 아니. 그렇지만 학생인데. 우린. 우리라니 네가 가서 사 올 건데 저기 안 뚫리면 동네를 다 돌아서라도 5시까지 사서 공원으로 와라. 민철아. 나 정말 못하겠어. 아님 어디 할머니 할아버지한테 가서 부탁이라도 해서 사 오던지 그건 네가 알아서 하고 알았냐? 이거 걸리면. 범죄잖아. 그래서 내가 널 시키는 거잖아. 처신 똑바로 해라. 못 구해오거나 튀면 알지? 나 너네 집 안다. .그렇지만. 이건.,3,1
4854, 야 쟤 코로나 걸렸었대 알아? 헐 진짜? 어쩐지 몇 주간 학교에 안 나오는데 선생님이 결석 처리 안 하길래 뭔가 싶었네 야 너 코로나 걸렸었다며? 응. 학원에서 집단감염 생겨서 옮았어. 근데 다 나았어 그래도 몸속에 바이러스 조금이라도 있을 거 아니야. 학교에 오면 안 되는 거 아니야? 아니야 진단 검사에서 음성 뜬 거 확인하고 또 3일 집에 있다가 등교한 거야. 너 때문에 애들 바이러스 걸려서 아프면 어쩌려고 그래. 진짜 더러워. 평소에 얼마나 위생관리를 안 했으면 코로나에 걸렸냐 위생관리 안 한다고 걸리는 거 아니야. 비말감염인데. 어 오 야야 말 좀 줄여 말 적당히 해 그러다가 바이러스 옮는다니까? 걸어 다니는 코로나 바이러스 씨 맞아 맞아 말 좀 적당히 해. 차라리 숨도 쉬지 말던가 진짜 옮을까 봐 두렵다. 우리 옆에서 말해서 벌써 걸리고 아니야.? 이런 바이러스 덩어리를 등교하게 내버려둔 부모나 등교했는데 안 쫓아내는 선생님이나 피해는 우리가 보지.,3,4
4876, 정의의 사도 내부 고발자가 된 기분이 어때? . 과장님께는 죄송하지만 제 입장에선 어쩔 수 없는 일이었습니다 하이고 잘났네 잘났다 뉘 집 아들인지 잘났어? 죄송합니다. 과장님께 개인적인 원한은 없습니다 그래그래 이렇게 잘난 아들 두신 부모님 가평에서 국밥집 하시던데? 네. 그건 어떻게 아 뭐 일도 아니지 그런 거 알아내는 건 나도 조만간 국밥집 가서 국밥 좀 팔아드리고 부모님 면담 좀 해볼까 봐 아들 잘 키우셨다고 과장님 왜?? 이제 곧 잘리면 과장이 될지 범죄가 될지 모르는데 내가 지금 무서운 게 있는 것 같아?? 과장님. 왜 그러십니까. 우리 부모님은 이일과 아무런 상관이 없습니다,0,2
4877, 제가 오늘 설루션을 구매했는데요 저랑 안 맞더라고 환불해 주세요 네 고객님 이미 사용하신 것에 대해서는 이용료를 차감하고 환불해 드리겠습니다 아니 내가 테스트하려고 사용한 건데 그걸 왜 차감시켜요? 저희 서버나 서비스 이용료로 아니 그런 건 모르겠고 오늘 결제해서 사용해 보니 내가 불편해서 그런 거 아니야 네 불편하셨다니 송구스럽습니다만 됐고 빨리 환불이나 해줘 일 처리 제대로 안 해? 환불 수수료 10프로 제외입니다. 아니 무슨 수수료를 10프로나 떼 장난하나 내가 뭐 얼마나 썼다고 장난해?? 네 윗사람 나오라 그래 직원 교육을 뭐 이따위로 시켰어 사용료의 50프로를 사용하셨습니다 고객님 너는 됐고 빨리 윗사람 부르라고,1,3
4879,야 새끼들아 잠깐 나 좀 보자 이병 김재형 이병 권오성 야 솔직히 말해서 이성재 그 새끼 기분 나쁜 놈이잖아 네 그렇습니다. 걔가 나 한태 패드립을 했다 솔직히 그게 너무 화나서 걔 신발을 찢었거든 근데 둘 중에 하나가 거짓 고해를 해야겠다 그렇다면. 그래 빨리 결정해라 덤터기 쒸운 놈은 나가고 내가 제일 상급이 돼걸랑 그럼 엄청 잘해줄게 싫은데 새끼야 너 지금 하극상하니 죽고 싶어? 나 건들면 너 영창이야,3,0
4905,저기. 내가 빌려준 옷 언제 돌려줄 거야.? 옷? 무슨 옷 그때 네가 이쁘다고 빌려 갔던. 아 그거? 네가 나 준거 아니었어? 응.? 그게 무슨 말이야 너보다 나한테 더 잘 어울려서 나 주는지 알았는데? 아. 아니야. 돌려줘 야 줬다 뺐는 게 어딨니 그냥 선물 줬다 생각해 너 얼굴에 그 옷이 어울린다고 생각하니? 어이없다 그 옷 내가 아끼는 옷이란 말이야. 그래서 뭐 어쩌라는 건데 난 돌려줄 생각 없어 내 앞에서 좀 비켜줄래? 아. 제발 돌려줘.,3,1
4912,안녕하세요. 김철수 씨? 네 맞는데요? 35살이고 땡땡 회사 7년째 재직 중인? 뭐야 당신 누구야? 지금 5분 안으로 돈 100만 원 입금하지 않으면 너에 대한 모든 정보가 다 빠져나가게 될 거야. 갑자기 무슨 소리를 하는 거야? 난 너에 대한 모든 정보를 알고 있어. 네가 세상에 밝히고 싶지 않은 비밀정보들까지. 제발 용서해 주세요. 제가 뭘 잘못했길래. 딱 7시까지다. 기다린다. 제발 용서해 주세요 제발.,1,0
4913,왜 내가 부탁한 돈 아직도 안 보냈어? 나 돈 없는 거 알잖아? 그럼 우리 네가 보내준 네 알몸 사진 다 뿌려버린다 그건 보고 지우기로 한 거잖아 왜 아직도 가지고 있어? 그럼 네가 처음부터 보내지 말았어야지 그걸 믿는 네가 병신이지 나 진짜 가지고 있는 거 이것밖에 없어 내 전 재산 다 보내주는 거야. 이걸 누구 코에 붙이라고 지금 미쳤니? 너 우리가 이사진 못 뿌릴 줄 알지? 제발. 제발 부탁이야 진짜 없어 그럼 네 부모한테 달라고 하던지,0,1
4916, 이 버러지 같은 게 너 내가 누군 줄 알아? 손님 욕하시면 안 됩니다. 어디서 말대꾸야 미친년이 매니저 나오라고 해 죄송합니다 손님. 그렇지만 옷에 얼룩이 생겨서 보상은 해주셔야 합니다. 이깟게 얼마나 한다고 지랄이야 너 정신 못 차렸니? 매니저 부르라고 죄송합니다 손님. 제가 직원 대신 사과드리겠습니다. 저년 당장 자르세요 저 쌍년이 내가 누군지 알고 지랄이야. 내 월급에 턱도 못 미치는 거지 같은 년이 죄송합니다. 직원에게는 제가 잘 교육시키겠습니다. 당장 안 자르면 매니저 당신도 잘라버릴 줄 알아 알겠어? 네 당장 조치하도록 하겠습니다.,3,2
4923,아버지 저 돈 좀 빌려주세요 둘째가 결혼하는데 전셋집이라도 해주려면 가지고 있는 돈이 턱도 없어요 금방 갚아드릴게요 나는 돈 없다 제발요 아버지 제가 아버지한테까지 부탁하겠어요 오죽하면 나는 없다고 했다 아버지 어렸을 때부터 저랑 막내랑 그렇게 차별하시더니. 이번에라도 도와주시면 제가 그동안 서운한 맘 가졌던 것 다 버릴게요 제발요 네가 서운하든 말든 상관없다 아버지 자꾸 이렇게 나오시면 저 죽습니다 한강 뛰어들어요 뛰어들 패기도 없는 놈이 말만 많구나 썩 가라 아버지 제발요 어서 꺼져라 네가 죽는다 해도 눈 하나 깜빡 안 한다,1,0
4936,엄마 제가 물건 놔뒀는데 치웠어요 아니 안 치웠는데 제가 물건 여기 놔뒀는데 없는데요 안 치었니까 엄마 말고는 버릴 사람이 없잖아요 찾으면 어떡할래 옛날에도 전에 버렸잖아요 혹시 비닐봉지 말하는 거야 그거 쓰레기잖아 쓰레기 아니에요 일부러 산 건데 나한테는 쓰레기야,3,1
4945,준하야 넌 대가리가 왜 이렇게 크냐? 내 머리가 뭐. 밥 먹으면 대가리만 크냐 너는? 아니. 무슨 머리만 큰다고 그러는 거야 주위를 둘러봐라. 내가 살면서 너보다 큰 대가리를 못 봤어. 나한테 왜 그러는 거야. 무식하게 대가리만 크면 뭐 하냐? 멍청해가지고는 쯧쯧 넌 내가 그렇게 싫니? 당연하지. 언제 이 세상에서 없어지냐 너 내가 그날만 기다리고 있어 조만간 사라져줄게 너 눈앞에서 그거 요즘들은 소식 중에 제일 좋은 소식이다.,3,0
4948,누구 맘대로 여기서 장사하래? 이게 무슨 일입니까? 남의 구역에서 장사하려면 자릿세를 내야지. 관청에 신고 다하고 적법하게 장사하는 건데 자릿세라뇨? 그거랑 상관없이 여기는 우리 구역인데 우리 구역에 장사하려면 자릿세를 내라고. 못 드립니다. 우리 구역이니까 우리가 마음대로 할 거라고. 좋은 말로 할 때 자릿세를 내. 못 드립니다. 아 그럼 여기 업장 깽판 쳐도 된다 이거지? 아. 아닙니다. 드. 드리겠습니다.,1,3
